證券代號,證券名稱,殖利率(%),股利年度,本益比,股價淨值比,財報年/季
1101,台泥,3.03,112,29.77,1.07,113/1
1102,亞泥,5.07,112,13.18,0.86,113/1
1103,嘉泥,2.72,112,613.33,0.58,113/1
1104,環泥,5.91,112,10.95,1.00,113/1
1108,幸福,5.92,112,13.10,1.43,113/1
1109,信大,6.19,112,10.00,0.80,113/1
1110,東泥,0.82,112,97.00,1.53,113/1
1201,味全,1.44,112,34.81,1.29,113/1
1203,味王,2.21,112,23.55,2.00,113/1
1210,大成,3.85,112,11.61,2.10,113/1
1213,大飲,0.00,111,-,2.00,113/1
1215,卜蜂,5.09,112,14.36,3.20,113/1
1216,統一,3.74,112,24.19,3.40,113/1
1217,愛之味,1.90,112,28.14,0.85,113/1
1218,泰山,0.00,112,77.50,0.92,113/1
1219,福壽,4.23,112,21.00,1.37,113/1
1220,台榮,1.29,111,14.17,1.15,113/1
1225,福懋油,1.51,112,56.93,5.94,113/1
1227,佳格,3.02,112,26.17,2.08,113/1
1229,聯華,3.13,112,25.45,2.21,113/1
1231,聯華食,2.54,112,24.64,4.18,113/1
1232,大統益,4.55,112,20.34,4.08,113/1
1233,天仁,2.63,112,31.67,2.25,113/1
1234,黑松,4.36,112,18.79,0.97,113/1
1235,興泰,1.10,112,34.56,1.44,113/1
1236,宏亞,2.71,112,100.00,0.91,113/1
1256,鮮活果汁-KY,3.29,112,16.16,1.74,113/1
1301,台塑,1.59,112,76.46,1.18,113/1
1303,南亞,1.38,112,60.48,1.11,113/1
1304,台聚,2.25,112,-,0.72,113/1
1305,華夏,2.00,112,134.62,1.06,113/1
1307,三芳,4.62,112,12.75,1.43,113/1
1308,亞聚,2.53,112,-,0.82,113/1
1309,台達化,1.95,112,-,0.93,113/1
1310,台苯,0.00,112,-,0.98,113/1
1312,國喬,3.51,111,-,0.48,113/1
1313,聯成,1.59,112,-,0.54,113/1
1314,中石化,0.00,112,202.00,0.48,113/1
1315,達新,6.95,112,19.22,0.67,113/1
1316,上曜,0.00,112,-,1.78,113/1
1319,東陽,3.49,112,18.29,2.53,113/1
1321,大洋,1.02,112,48.40,1.40,113/1
1323,永裕,3.28,112,33.89,1.14,113/1
1324,地球,1.49,112,30.45,1.05,113/1
1325,恆大,2.11,112,75.00,0.87,113/1
1326,台化,2.40,112,28.11,0.93,113/1
1337,再生-KY,0.00,111,-,0.47,113/1
1338,廣華-KY,1.47,112,-,0.46,113/1
1339,昭輝,4.33,112,10.18,1.33,113/1
1340,勝悅-KY,0.00,111,-,0.41,113/1
1341,富林-KY,6.35,112,15.62,3.13,113/1
1342,八貫,5.26,112,14.79,4.03,113/1
1402,遠東新,3.91,112,22.15,0.80,113/1
1409,新纖,3.30,112,24.49,0.75,113/1
1410,南染,0.79,112,104.86,2.23,113/1
1413,宏洲,0.00,112,-,1.38,113/1
1414,東和,1.11,112,83.70,1.58,113/1
1416,廣豐,3.83,112,19.48,0.65,113/1
1417,嘉裕,1.75,112,-,0.83,113/1
1418,東華,0.00,111,60.88,1.36,113/1
1419,新紡,2.46,112,22.51,1.06,113/1
1423,利華,1.53,112,91.28,1.32,113/1
1432,大魯閣,0.00,112,35.70,2.09,113/1
1434,福懋,2.20,112,71.09,0.76,113/1
1435,中福,0.00,111,-,5.03,113/1
1436,華友聯,4.71,112,15.99,4.66,113/1
1437,勤益控,2.99,112,12.56,1.00,113/1
1438,三地開發,1.55,111,-,3.19,113/1
1439,雋揚,1.06,112,14.08,0.99,113/1
1440,南紡,1.89,112,12.45,1.06,113/1
1441,大東,0.00,112,-,2.46,113/1
1442,名軒,5.47,112,11.19,3.04,113/1
1443,立益物流,0.00,111,17.84,2.11,113/1
1444,力麗,4.01,111,124.63,0.91,113/1
1445,大宇,10.87,112,3.03,1.12,113/1
1446,宏和,1.16,112,20.00,4.59,113/1
1447,力鵬,0.00,111,-,0.95,113/1
1449,佳和,0.21,112,20.65,0.99,113/1
1451,年興,2.45,112,-,0.60,113/1
1452,宏益,1.74,112,37.50,0.83,113/1
1453,大將,1.02,112,40.69,2.16,113/1
1454,台富,1.48,112,49.71,1.30,113/1
1455,集盛,0.00,112,-,1.25,113/1
1456,怡華,0.99,112,92.05,1.29,113/1
1457,宜進,6.70,112,9.07,0.96,113/1
1459,聯發,0.00,111,100.91,1.25,113/1
1460,宏遠,0.00,111,-,0.94,113/1
1463,強盛,2.49,112,37.22,1.43,113/1
1464,得力,1.68,112,99.33,1.17,113/1
1465,偉全,3.26,112,17.06,0.97,113/1
1466,聚隆,0.00,111,-,1.00,113/1
1467,南緯,0.00,111,-,0.95,113/1
1468,昶和,0.00,111,33.07,1.87,113/1
1470,大統新創,2.78,112,39.43,1.85,113/1
1471,首利,0.00,111,-,1.66,113/1
1472,三洋實業,2.77,112,16.97,2.09,113/1
1473,台南,2.18,112,18.03,2.00,113/1
1474,弘裕,2.82,111,32.27,0.87,113/1
1475,業旺,3.44,112,11.71,2.79,113/1
1476,儒鴻,2.45,112,26.18,6.40,113/1
1477,聚陽,4.12,112,23.16,7.32,113/1
1503,士電,1.23,112,46.29,3.19,113/1
1504,東元,3.73,112,23.23,1.67,113/1
1506,正道,0.00,111,65.00,1.89,113/1
1512,瑞利,0.00,111,-,2.48,113/1
1513,中興電,1.98,112,50.14,4.85,113/1
1514,亞力,1.53,112,35.33,5.51,113/1
1515,力山,2.58,112,13.44,2.20,113/1
1516,川飛,1.31,112,44.72,1.97,113/1
1517,利奇,1.19,112,-,1.01,113/1
1519,華城,0.94,112,65.26,38.17,113/1
1521,大億,1.77,112,54.93,1.67,113/1
1522,堤維西,3.02,112,14.91,2.29,113/1
1524,耿鼎,3.59,112,12.53,2.24,113/1
1525,江申,4.31,112,21.64,1.15,113/1
1526,日馳,1.82,112,-,1.42,113/1
1527,鑽全,4.63,112,13.71,1.23,113/1
1528,恩德,0.78,112,-,1.04,113/1
1529,樂事綠能,1.80,112,68.16,2.88,113/1
1530,亞崴,4.63,112,14.73,0.94,113/1
1531,高林股,1.34,112,51.55,0.74,113/1
1532,勤美,2.87,112,13.32,1.49,113/1
1533,車王電,0.00,111,-,2.08,113/1
1535,中宇,4.69,112,15.52,2.31,113/1
1536,和大,1.78,112,47.31,1.78,113/1
1537,廣隆,4.71,112,17.51,2.73,113/1
1538,正峰,0.00,111,-,3.64,113/1
1539,巨庭,2.53,112,14.28,0.95,113/1
1540,喬福,5.41,112,11.24,1.17,113/1
1541,錩泰,1.58,112,17.32,1.28,113/1
1558,伸興,3.76,112,20.04,1.22,113/1
1560,中砂,1.42,112,44.07,7.00,113/1
1563,巧新,2.56,112,27.64,2.19,113/1
1568,倉佑,4.70,112,9.05,1.65,113/1
1582,信錦,3.70,112,18.69,2.16,113/1
1583,程泰,5.68,112,12.62,1.39,113/1
1587,吉茂,1.74,112,101.05,2.86,113/1
1589,永冠-KY,0.00,112,-,0.67,113/1
1590,亞德客-KY,1.72,112,28.17,4.86,113/1
1597,直得,1.16,112,61.98,2.58,113/1
1598,岱宇,0.00,112,209.67,1.06,113/1
1603,華電,2.75,112,14.58,1.12,113/1
1604,聲寶,5.21,112,13.65,1.32,113/1
1605,華新,2.95,112,38.51,1.06,113/1
1608,華榮,2.52,112,19.09,2.11,113/1
1609,大亞,3.26,112,31.45,2.59,113/1
1611,中電,2.86,112,33.65,1.28,113/1
1612,宏泰,5.10,112,18.94,1.57,113/1
1614,三洋電,2.41,112,39.64,2.16,113/1
1615,大山,3.81,112,21.03,3.88,113/1
1616,億泰,1.56,112,18.96,2.35,113/1
1617,榮星,1.23,112,405.00,1.88,113/1
1618,合機,1.85,112,22.98,1.92,113/1
1626,艾美特-KY,1.86,112,-,0.79,113/1
1701,中化,2.24,112,20.32,0.89,113/1
1702,南僑,4.32,112,11.31,1.48,113/1
1707,葡萄王,4.31,112,16.56,2.31,113/1
1708,東鹼,4.50,112,26.68,1.30,113/1
1709,和益,2.94,112,19.07,1.19,113/1
1710,東聯,1.18,112,-,1.23,113/1
1711,永光,0.78,112,136.79,1.26,113/1
1712,興農,6.59,112,16.67,2.32,113/1
1713,國化,2.77,112,23.71,2.62,113/1
1714,和桐,3.07,112,13.20,0.77,113/1
1717,長興,2.56,112,20.26,1.44,113/1
1718,中纖,0.00,111,-,0.51,113/1
1720,生達,3.79,112,14.50,2.40,113/1
1721,三晃,0.68,111,-,1.33,113/1
1722,台肥,4.01,112,17.03,1.14,113/1
1723,中碳,3.67,112,18.23,3.02,113/1
1725,元禎,1.84,112,37.04,1.80,113/1
1726,永記,4.26,112,15.48,1.30,113/1
1727,中華化,1.05,112,260.45,1.73,113/1
1730,花仙子,4.99,112,16.95,1.87,113/1
1731,美吾華,4.49,112,19.54,1.61,113/1
1732,毛寶,0.00,111,"1,425.00",2.50,113/1
1733,五鼎,3.28,112,30.73,1.95,113/1
1734,杏輝,4.85,112,15.35,1.93,113/1
1735,日勝化,2.82,112,20.82,1.14,113/1
1736,喬山,1.11,112,22.36,2.89,113/1
1737,臺鹽,3.53,112,22.94,1.03,113/1
1752,南光,3.72,112,34.05,2.44,113/1
1760,寶齡富錦,1.54,112,84.96,4.57,113/1
1762,中化生,1.66,112,29.63,1.11,113/1
1773,勝一,1.97,112,25.19,4.45,113/1
1776,展宇,2.78,112,31.03,1.19,113/1
1783,和康生,2.19,112,27.14,3.00,113/1
1786,科妍,2.15,112,40.03,5.14,113/1
1789,神隆,1.04,112,58.88,2.17,113/1
1795,美時,1.61,112,19.39,4.46,113/1
1802,台玻,0.00,111,87.95,1.14,113/1
1805,寶徠,0.00,112,-,2.53,113/1
1806,冠軍,0.00,111,103.64,0.81,113/1
1808,潤隆,13.45,112,7.00,4.02,113/1
1809,中釉,0.79,112,281.11,1.44,113/1
1810,和成,1.04,112,383.00,0.85,113/1
1817,凱撒衛,4.50,112,10.70,1.37,113/1
1903,士紙,0.00,111,155.48,4.38,113/1
1904,正隆,1.73,112,37.47,1.11,113/1
1905,華紙,1.36,111,-,1.52,113/1
1906,寶隆,0.92,112,20.83,0.56,113/1
1907,永豐餘,3.02,112,23.50,0.81,113/1
1909,榮成,0.00,112,-,0.84,113/1
2002,中鋼,1.48,112,118.50,1.16,113/1
2006,東和鋼鐵,6.07,112,10.76,1.73,113/1
2007,燁興,0.00,111,-,1.14,113/1
2008,高興昌,4.05,112,12.67,1.39,113/1
2009,第一銅,0.76,111,-,2.46,113/1
2010,春源,4.91,112,15.19,1.16,113/1
2012,春雨,3.77,112,26.25,1.64,113/1
2013,中鋼構,3.26,112,20.94,2.14,113/1
2014,中鴻,0.45,112,-,2.02,113/1
2015,豐興,4.83,112,17.68,2.06,113/1
2017,官田鋼,0.00,112,119.58,1.07,113/1
2020,美亞,9.95,112,6.97,2.19,113/1
2022,聚亨,1.72,112,68.24,1.09,113/1
2023,燁輝,2.60,112,-,1.00,113/1
2024,志聯,0.00,112,-,2.06,113/1
2025,千興,0.00,111,20.33,2.10,113/1
2027,大成鋼,3.10,112,18.67,1.24,113/1
2028,威致,2.86,112,23.53,2.02,113/1
2029,盛餘,4.50,112,14.33,0.92,113/1
2030,彰源,2.74,112,-,1.04,113/1
2031,新光鋼,4.85,112,10.18,1.67,113/1
2032,新鋼,1.12,111,593.33,1.39,113/1
2033,佳大,0.00,111,196.88,1.23,113/1
2034,允強,3.93,112,-,1.25,113/1
2038,海光,2.38,111,80.77,1.07,113/1
2049,上銀,1.17,112,38.15,2.19,113/1
2059,川湖,1.21,112,30.82,6.27,113/1
2062,橋椿,2.74,112,11.66,0.77,113/1
2069,運錩,3.01,112,-,0.74,113/1
2101,南港,0.00,111,258.70,4.70,113/1
2102,泰豐,0.00,112,-,1.33,113/1
2103,台橡,2.31,112,29.22,1.01,113/1
2104,國際中橡,0.00,112,-,0.50,113/1
2105,正新,3.97,112,20.91,1.98,113/1
2106,建大,2.96,112,18.96,1.62,113/1
2107,厚生,4.88,112,14.03,0.62,113/1
2108,南帝,2.84,112,27.08,1.23,113/1
2109,華豐,6.22,112,11.03,1.60,113/1
2114,鑫永銓,4.76,112,17.33,2.57,113/1
2115,六暉-KY,2.99,112,35.26,1.06,113/1
2201,裕隆,1.97,112,17.37,1.23,113/1
2204,中華,4.78,112,12.81,2.05,113/1
2206,三陽工業,3.91,112,9.60,2.53,113/1
2207,和泰車,3.18,112,14.80,5.33,113/1
2208,台船,0.00,111,-,2.01,113/1
2211,長榮鋼,4.36,112,16.95,2.46,113/1
2227,裕日車,2.53,112,30.02,2.17,113/1
2228,劍麟,4.17,112,13.30,1.93,113/1
2231,為升,2.29,112,45.49,4.23,113/1
2233,宇隆,3.90,112,13.98,2.15,113/1
2236,百達-KY,0.90,112,33.60,2.50,113/1
2239,英利-KY,1.16,112,25.75,0.57,113/1
2241,艾姆勒,0.00,112,-,3.02,113/1
2243,宏旭-KY,0.00,111,-,1.93,113/1
2247,汎德永業,5.56,112,14.47,2.22,113/1
2250,IKKA-KY,2.77,112,21.67,1.95,113/1
2254,巨鎧精密-創,0.00,112,-,5.38,113/1
2258,鴻華先進-創,0.00,112,-,4.32,113/1
2301,光寶科,4.21,112,16.85,2.95,113/1
2302,麗正,1.64,112,33.16,1.79,113/1
2303,聯電,5.44,112,12.49,1.83,113/1
2305,全友,0.00,112,110.71,2.12,113/1
2308,台達電,1.86,112,27.80,4.25,113/1
2312,金寶,1.69,112,28.10,1.22,113/1
2313,華通,2.10,112,17.69,2.16,113/1
2314,台揚,0.00,111,-,4.54,113/1
2316,楠梓電,1.07,112,8.05,0.92,113/1
2317,鴻海,3.04,112,16.27,1.65,113/1
2321,東訊,0.00,111,-,2.51,113/1
2323,中環,5.29,112,17.60,0.76,113/1
2324,仁寶,3.32,112,19.30,1.31,113/1
2327,國巨,3.24,112,15.85,2.08,113/1
2328,廣宇,3.31,112,18.03,1.55,113/1
2329,華泰,1.97,112,20.40,4.05,113/1
2330,台積電,1.48,112,26.60,6.27,113/1
2331,精英,2.99,112,17.82,1.49,113/1
2332,友訊,3.01,112,28.49,1.21,113/1
2337,旺宏,1.89,112,-,1.02,113/1
2338,光罩,2.05,112,18.79,2.88,113/1
2340,台亞,1.22,112,89.24,2.18,113/1
2342,茂矽,0.00,112,-,2.15,113/1
2344,華邦電,0.00,112,-,1.12,113/1
2345,智邦,1.88,112,32.54,9.80,113/1
2347,聯強,3.63,112,17.76,1.96,113/1
2348,海悅,3.89,112,13.28,4.20,113/1
2349,錸德,0.00,111,-,1.16,113/1
2351,順德,1.74,112,39.52,3.88,113/1
2352,佳世達,3.09,112,26.22,2.09,113/1
2353,宏碁,3.22,112,26.55,2.02,113/1
2354,鴻準,2.21,112,22.08,0.91,113/1
2355,敬鵬,2.71,112,17.53,1.11,113/1
2356,英業達,2.83,112,29.94,3.18,113/1
2357,華碩,3.51,112,15.59,1.38,113/1
2359,所羅門,1.02,112,53.88,5.59,113/1
2360,致茂,2.29,112,30.59,6.00,113/1
2362,藍天,2.81,112,21.84,0.78,113/1
2363,矽統,0.53,112,72.44,2.25,113/1
2364,倫飛,3.50,112,22.46,5.49,113/1
2365,昆盈,0.89,112,84.63,2.46,113/1
2367,燿華,0.81,111,75.41,2.40,113/1
2368,金像電,1.82,112,21.65,5.61,113/1
2369,菱生,1.31,112,-,1.60,113/1
2371,大同,0.00,112,44.44,2.34,113/1
2373,震旦行,5.52,112,15.35,2.48,113/1
2374,佳能,1.46,112,35.87,2.68,113/1
2375,凱美,1.13,112,23.16,0.86,113/1
2376,技嘉,2.16,112,34.27,4.96,113/1
2377,微星,2.91,112,20.73,3.24,113/1
2379,瑞昱,2.92,112,25.92,5.71,113/1
2380,虹光,0.00,111,-,1.90,113/1
2382,廣達,3.30,112,23.25,6.23,113/1
2383,台光電,2.28,112,21.58,5.81,113/1
2385,群光,3.92,112,18.67,3.93,113/1
2387,精元,4.94,112,8.09,1.20,113/1
2388,威盛,0.08,112,104.87,4.27,113/1
2390,云辰,0.00,111,-,1.07,113/1
2392,正崴,2.84,112,13.20,1.35,113/1
2393,億光,4.43,112,18.28,1.65,113/1
2395,研華,2.64,112,31.34,7.21,113/1
2397,友通,3.87,112,30.79,3.07,113/1
2399,映泰,0.00,111,-,1.79,113/1
2401,凌陽,1.73,111,-,2.37,113/1
2402,毅嘉,3.41,112,20.35,1.71,113/1
2404,漢唐,5.97,112,13.73,6.89,113/1
2405,輔信,0.82,112,172.08,1.90,113/1
2406,國碩,0.00,111,-,2.05,113/1
2408,南亞科,0.00,112,-,1.20,113/1
2409,友達,4.99,112,-,0.92,113/1
2412,中華電,3.76,112,26.74,2.50,113/1
2413,環科,0.82,112,41.10,1.51,113/1
2414,精技,5.92,112,15.94,1.92,113/1
2415,錩新,2.41,111,128.57,1.50,113/1
2417,圓剛,0.32,112,132.00,2.12,113/1
2419,仲琦,0.96,112,-,2.04,113/1
2420,新巨,4.77,112,16.05,2.48,113/1
2421,建準,3.15,112,21.94,3.96,113/1
2423,固緯,5.21,112,14.11,2.42,113/1
2424,隴華,0.00,111,-,5.80,113/1
2425,承啟,1.11,112,24.46,1.74,113/1
2426,鼎元,1.10,112,-,1.45,113/1
2427,三商電,2.90,112,21.99,1.93,113/1
2428,興勤,3.09,112,16.09,2.17,113/1
2429,銘旺科,0.00,112,-,4.03,113/1
2430,燦坤,6.06,112,18.91,0.98,113/1
2431,聯昌,0.00,112,-,1.04,113/1
2432,倚天酷碁-創,4.26,112,19.35,1.90,113/1
2433,互盛電,5.62,112,15.99,2.25,113/1
2434,統懋,0.00,111,46.90,2.39,113/1
2436,偉詮電,1.86,112,44.11,3.17,113/1
2438,翔耀,0.00,111,-,4.15,113/1
2439,美律,3.87,112,16.44,2.17,113/1
2440,太空梭,0.00,111,-,1.77,113/1
2441,超豐,4.02,112,16.37,1.56,113/1
2442,新美齊,0.97,112,12.97,1.91,113/1
2444,兆勁,0.00,111,-,1.37,113/1
2449,京元電子,3.60,112,18.07,2.65,113/1
2450,神腦,5.02,112,16.00,1.70,113/1
2451,創見,4.10,112,20.44,2.90,113/1
2453,凌群,3.76,112,22.87,3.27,113/1
2454,聯發科,4.31,112,22.15,5.50,113/1
2455,全新,1.57,112,41.20,7.96,113/1
2457,飛宏,0.00,111,78.79,2.30,113/1
2458,義隆,3.25,112,17.84,5.10,113/1
2459,敦吉,5.52,112,12.52,1.49,113/1
2460,建通,0.00,111,-,2.64,113/1
2461,光群雷,2.55,112,64.75,1.51,113/1
2462,良得電,3.21,112,18.55,1.70,113/1
2464,盟立,0.81,112,68.33,2.88,113/1
2465,麗臺,0.00,111,-,11.37,113/1
2466,冠西電,0.51,111,-,3.34,113/1
2467,志聖,2.32,112,36.69,5.57,113/1
2468,華經,2.95,112,22.40,1.51,113/1
2471,資通,5.78,112,15.46,2.92,113/1
2472,立隆電,3.55,112,13.07,1.75,113/1
2474,可成,4.49,112,11.78,0.91,113/1
2476,鉅祥,2.68,112,22.51,2.56,113/1
2477,美隆電,2.28,112,34.76,0.86,113/1
2478,大毅,2.76,112,18.72,1.17,113/1
2480,敦陽科,5.23,112,17.37,4.84,113/1
2481,強茂,2.04,112,25.90,1.70,113/1
2482,連宇,2.48,112,20.15,2.28,113/1
2483,百容,1.18,112,52.81,1.09,113/1
2484,希華,4.76,112,23.68,1.23,113/1
2485,兆赫,0.00,111,-,1.13,113/1
2486,一詮,0.60,112,137.34,5.58,113/1
2488,漢平,5.91,112,10.19,1.47,113/1
2489,瑞軒,2.78,112,31.37,1.06,113/1
2491,吉祥全,0.00,111,54.82,1.49,113/1
2492,華新科,1.89,112,23.65,1.13,113/1
2493,揚博,5.32,112,15.96,4.14,113/1
2495,普安,2.49,112,26.02,1.77,113/1
2496,卓越,6.44,112,12.06,1.74,113/1
2497,怡利電,1.69,112,28.92,3.22,113/1
2498,宏達電,0.00,111,-,1.66,113/1
2501,國建,2.68,112,16.80,1.60,113/1
2504,國產,4.41,112,15.97,2.21,113/1
2505,國揚,1.36,112,40.76,1.11,113/1
2506,太設,2.33,112,-,0.71,113/1
2509,全坤建,0.00,112,-,1.38,113/1
2511,太子,2.78,112,38.09,0.82,113/1
2514,龍邦,0.00,111,6.50,0.78,113/1
2515,中工,3.05,112,41.59,1.16,113/1
2516,新建,0.00,111,16.39,1.67,113/1
2520,冠德,2.95,112,12.37,1.67,113/1
2524,京城,0.00,111,39.04,1.26,113/1
2527,宏璟,3.07,112,18.48,1.02,113/1
2528,皇普,0.98,112,-,3.81,113/1
2530,華建,1.12,112,56.82,3.98,113/1
2534,宏盛,3.59,112,60.54,0.89,113/1
2535,達欣工,5.42,112,12.45,1.69,113/1
2536,宏普,1.39,112,37.45,1.02,113/1
2537,聯上發,0.00,111,-,1.75,113/1
2538,基泰,4.37,112,-,1.39,113/1
2539,櫻花建,2.68,112,34.65,5.24,113/1
2540,愛山林,3.02,112,38.48,6.55,113/1
2542,興富發,3.10,112,44.45,1.92,113/1
2543,皇昌,3.63,112,20.27,3.77,113/1
2545,皇翔,3.67,112,14.46,1.70,113/1
2546,根基,4.24,112,12.67,2.67,113/1
2547,日勝生,2.16,112,-,0.97,113/1
2548,華固,4.93,112,20.56,2.56,113/1
2597,潤弘,5.08,112,16.56,5.21,113/1
2601,益航,0.00,111,-,0.78,113/1
2603,長榮,4.59,112,9.77,0.98,113/1
2605,新興,2.37,112,27.48,1.11,113/1
2606,裕民,3.92,112,16.01,1.37,113/1
2607,榮運,3.28,112,12.59,1.08,113/1
2608,嘉里大榮,5.71,112,12.47,1.67,113/1
2609,陽明,2.41,112,26.92,1.00,113/1
2610,華航,2.99,112,16.27,1.81,113/1
2611,志信,6.82,112,9.44,1.93,113/1
2612,中航,1.98,112,35.31,0.83,113/1
2613,中櫃,1.29,112,42.61,2.04,113/1
2614,東森,0.00,112,-,1.80,113/1
2615,萬海,1.56,112,282.94,1.24,113/1
2616,山隆,1.67,112,98.85,0.72,113/1
2617,台航,4.08,112,8.81,0.99,113/1
2618,長榮航,4.88,112,9.13,1.99,113/1
2630,亞航,1.31,112,91.82,2.51,113/1
2633,台灣高鐵,3.38,112,21.69,2.31,113/1
2634,漢翔,2.60,112,20.68,2.86,113/1
2636,台驊投控,5.78,112,10.40,1.77,113/1
2637,慧洋-KY,3.58,112,11.74,1.19,113/1
2642,宅配通,2.10,112,33.46,1.64,113/1
2645,長榮航太,4.11,112,20.09,3.47,113/1
2701,萬企,2.11,112,25.00,0.72,113/1
2702,華園,0.00,112,28.00,0.93,113/1
2704,國賓,1.42,112,13.76,0.69,113/1
2705,六福,0.00,112,-,0.81,113/1
2706,第一店,2.19,112,27.12,0.80,113/1
2707,晶華,5.02,112,19.51,7.96,113/1
2712,遠雄來,1.37,112,127.29,2.57,113/1
2722,夏都,0.84,112,83.80,3.55,113/1
2723,美食-KY,3.81,112,24.68,1.46,113/1
2727,王品,6.23,112,15.03,5.65,113/1
2731,雄獅,5.13,112,8.96,3.58,113/1
2739,寒舍,0.00,112,13.79,5.02,113/1
2748,雲品,2.81,112,21.94,2.71,113/1
2753,八方雲集,4.19,112,19.20,3.44,113/1
2762,世界健身-KY,5.86,112,31.75,2.85,113/1
2801,彰銀,4.74,112,14.92,1.03,113/1
2809,京城銀,4.92,112,9.17,1.29,113/1
2812,台中銀,5.16,112,13.10,1.23,113/1
2816,旺旺保,0.00,111,5.44,1.17,113/1
2820,華票,4.72,112,16.98,0.82,113/1
2832,台產,4.56,112,9.08,0.87,113/1
2834,臺企銀,7.80,112,14.30,1.15,113/1
2836,高雄銀,5.08,112,25.65,0.86,113/1
2838,聯邦銀,5.68,112,14.28,0.88,113/1
2845,遠東銀,6.43,112,14.02,1.06,113/1
2849,安泰銀,2.66,112,14.02,0.83,113/1
2850,新產,5.22,112,9.04,1.64,113/1
2851,中再保,4.96,112,9.01,1.09,113/1
2852,第一保,4.44,112,9.39,0.91,113/1
2855,統一證,4.75,112,9.75,1.19,113/1
2867,三商壽,0.00,111,-,0.86,113/1
2880,華南金,5.16,112,15.46,1.58,113/1
2881,富邦金,3.29,112,13.48,1.24,113/1
2882,國泰金,3.44,112,11.50,1.10,113/1
2883,開發金,3.25,112,12.03,0.98,113/1
2884,玉山金,4.84,112,20.68,1.85,113/1
2885,元大金,4.09,112,13.42,1.35,113/1
2886,兆豐金,4.57,112,16.67,1.57,113/1
2887,台新金,5.32,112,17.57,1.15,113/1
2888,新光金,0.00,111,32.43,0.59,113/1
2889,國票金,6.30,112,26.36,1.26,113/1
2890,永豐金,4.26,112,13.28,1.48,113/1
2891,中信金,4.84,112,11.70,1.59,113/1
2892,第一金,4.14,112,16.55,1.46,113/1
2897,王道銀行,4.19,112,11.94,0.78,113/1
2901,欣欣,1.32,112,60.78,2.25,113/1
2903,遠百,4.91,112,18.01,1.43,113/1
2904,匯僑,3.07,112,23.55,1.27,113/1
2905,三商,1.11,112,-,1.02,113/1
2906,高林,2.88,112,34.18,1.31,113/1
2908,特力,2.77,112,45.54,1.60,113/1
2910,統領,1.24,112,24.25,1.82,113/1
2911,麗嬰房,0.00,112,-,1.26,113/1
2912,統一超,3.29,112,26.48,6.76,113/1
2913,農林,0.00,111,-,1.33,113/1
2915,潤泰全,3.48,112,6.49,0.74,113/1
2923,鼎固-KY,0.68,112,61.67,1.02,113/1
2929,淘帝-KY,0.00,111,-,0.36,113/1
2939,凱羿-KY,0.00,112,-,1.29,113/1
2945,三商家購,2.66,112,25.31,1.62,113/1
3002,歐格,1.99,112,64.20,1.22,113/1
3003,健和興,1.85,112,22.68,2.04,113/1
3004,豐達科,2.38,112,16.40,2.40,113/1
3005,神基,4.44,112,16.87,3.38,113/1
3006,晶豪科,0.65,112,-,2.58,113/1
3008,大立光,2.85,112,15.23,1.88,113/1
3010,華立,4.11,112,14.06,1.59,113/1
3011,今皓,0.00,111,-,3.98,113/1
3013,晟銘電,0.44,112,59.61,5.29,113/1
3014,聯陽,4.66,112,16.85,4.07,113/1
3015,全漢,4.78,112,19.94,0.89,113/1
3016,嘉晶,0.78,112,108.14,3.84,113/1
3017,奇鋐,1.13,112,40.55,11.06,113/1
3018,隆銘綠能,0.00,112,-,10.75,113/1
3019,亞光,2.65,112,21.86,1.48,113/1
3021,鴻名,1.24,112,17.83,1.48,113/1
3022,威強電,4.10,112,10.22,1.42,113/1
3023,信邦,3.22,112,21.69,4.81,113/1
3024,憶聲,0.45,112,59.08,2.17,113/1
3025,星通,4.57,112,20.65,4.52,113/1
3026,禾伸堂,5.06,112,23.58,1.78,113/1
3027,盛達,0.91,112,37.50,2.09,113/1
3028,增你強,5.56,112,19.75,1.50,113/1
3029,零壹,5.00,112,17.35,3.28,113/1
3030,德律,1.96,112,33.47,5.18,113/1
3031,佰鴻,3.59,112,22.08,1.34,113/1
3032,偉訓,4.70,112,12.53,2.59,113/1
3033,威健,5.31,112,20.79,1.78,113/1
3034,聯詠,5.28,112,15.72,5.11,113/1
3035,智原,1.50,112,57.33,5.76,113/1
3036,文曄,1.57,112,27.32,1.56,113/1
3037,欣興,1.63,112,27.18,2.96,113/1
3038,全台,4.87,112,10.95,1.96,113/1
3040,遠見,2.87,112,32.83,1.47,113/1
3041,揚智,0.00,111,-,2.87,113/1
3042,晶技,3.95,112,17.98,2.78,113/1
3043,科風,0.00,111,-,1.92,113/1
3044,健鼎,3.50,112,16.68,2.41,113/1
3045,台灣大,4.02,112,25.85,3.68,113/1
3046,建碁,3.12,112,19.69,3.79,113/1
3047,訊舟,3.78,111,-,2.27,113/1
3048,益登,3.10,112,100.94,1.65,113/1
3049,精金,0.00,112,-,0.80,113/1
3050,鈺德,2.36,112,30.72,1.31,113/1
3051,力特,2.99,112,19.79,2.21,113/1
3052,夆典,4.38,112,13.05,0.82,113/1
3054,立萬利,0.00,112,-,2.17,113/1
3055,蔚華科,1.19,112,-,4.02,113/1
3056,富華新,2.27,112,49.51,1.82,113/1
3057,喬鼎,0.00,111,-,1.77,113/1
3058,立德,0.00,111,-,1.97,113/1
3059,華晶科,1.63,112,33.08,1.33,113/1
3060,銘異,0.78,112,-,1.71,113/1
3062,建漢,0.00,111,-,1.67,113/1
3090,日電貿,4.93,112,17.99,2.48,113/1
3092,鴻碩,0.00,112,-,1.58,113/1
3094,聯傑,1.93,112,68.70,2.64,113/1
3130,一零四,5.79,112,17.45,4.46,113/1
3138,耀登,1.97,112,38.82,3.31,113/1
3149,正達,0.00,112,-,2.59,113/1
3164,景岳,2.03,112,35.65,1.61,113/1
3167,大量,0.87,112,238.75,2.22,113/1
3168,眾福科,5.57,112,17.84,2.81,113/1
3189,景碩,1.07,112,666.43,1.35,113/1
3209,全科,5.83,112,14.17,1.83,113/1
3229,晟鈦,0.00,111,-,2.20,113/1
3231,緯創,2.37,112,21.22,2.78,113/1
3257,虹冠電,4.94,112,17.20,3.27,113/1
3266,昇陽,2.77,112,11.58,1.55,113/1
3296,勝德,0.00,111,-,1.94,113/1
3305,昇貿,2.60,112,34.38,2.09,113/1
3308,聯德,0.00,111,30.16,1.67,113/1
3311,閎暉,2.98,112,22.27,1.02,113/1
3312,弘憶股,1.79,112,30.69,3.85,113/1
3321,同泰,0.00,111,-,3.44,113/1
3338,泰碩,2.30,112,26.80,3.83,113/1
3346,麗清,3.53,112,15.66,1.44,113/1
3356,奇偶,3.97,112,15.24,3.26,113/1
3376,新日興,1.71,112,43.97,2.74,113/1
3380,明泰,2.90,112,42.96,1.94,113/1
3406,玉晶光,2.17,112,15.90,2.94,113/1
3413,京鼎,3.92,112,14.03,2.50,113/1
3416,融程電,3.28,112,23.45,4.23,113/1
3419,譁裕,1.16,111,-,1.62,113/1
3432,台端,0.00,111,-,3.31,113/1
3437,榮創,0.00,111,-,1.61,113/1
3443,創意,0.87,112,66.46,20.76,113/1
3447,展達,0.00,112,-,2.34,113/1
3450,聯鈞,0.57,111,"1,458.33",3.28,113/1
3454,晶睿,2.63,112,34.82,3.51,113/1
3481,群創,0.00,112,-,0.54,113/1
3494,誠研,0.00,111,-,2.45,113/1
3501,維熹,4.38,112,13.43,1.25,113/1
3504,揚明光,0.00,111,-,2.41,113/1
3515,華擎,3.01,112,25.28,3.58,113/1
3518,柏騰,1.63,111,-,2.15,113/1
3528,安馳,3.05,112,28.58,1.86,113/1
3530,晶相光,0.00,111,-,3.38,113/1
3532,台勝科,2.82,112,23.20,2.87,113/1
3533,嘉澤,1.65,112,27.17,5.75,113/1
3535,晶彩科,0.00,112,-,2.10,113/1
3543,州巧,4.25,112,29.81,0.75,113/1
3545,敦泰,1.09,112,47.22,2.07,113/1
3550,聯穎,3.24,111,-,0.86,113/1
3557,嘉威,3.87,112,12.05,2.52,113/1
3563,牧德,1.89,112,72.32,4.52,113/1
3576,聯合再生,0.81,111,-,1.59,113/1
3583,辛耘,1.15,112,38.99,6.92,113/1
3588,通嘉,0.69,112,91.26,3.07,113/1
3591,艾笛森,1.80,112,63.18,1.35,113/1
3592,瑞鼎,3.63,112,17.37,3.00,113/1
3593,力銘,0.00,112,-,2.38,113/1
3596,智易,4.36,112,13.88,2.53,113/1
3605,宏致,1.11,111,-,1.24,113/1
3607,谷崧,3.85,112,-,1.22,113/1
3617,碩天,2.95,112,14.06,3.45,113/1
3622,洋華,3.24,112,13.96,1.36,113/1
3645,達邁,0.72,112,-,1.93,113/1
3652,精聯,1.08,112,50.47,1.35,113/1
3653,健策,1.01,112,55.54,12.80,113/1
3661,世芯-KY,0.80,112,58.02,6.93,113/1
3665,貿聯-KY,3.13,112,20.73,1.95,113/1
3669,圓展,2.45,112,17.56,1.49,113/1
3673,TPK-KY,1.35,111,67.36,0.39,113/1
3679,新至陞,5.21,112,12.24,1.89,113/1
3686,達能,0.00,112,-,2.09,113/1
3694,海華,1.98,112,21.44,2.48,113/1
3701,大眾控,1.30,112,35.33,2.87,113/1
3702,大聯大,4.06,112,17.29,1.79,113/1
3703,欣陸,4.08,112,18.94,1.12,113/1
3704,合勤控,3.69,112,17.77,1.49,113/1
3705,永信,4.16,112,15.98,2.10,113/1
3706,神達,2.84,112,23.68,0.93,113/1
3708,上緯投控,3.97,112,11.62,1.94,113/1
3711,日月光投控,3.26,112,21.82,2.37,113/1
3712,永崴投控,4.18,112,15.55,1.40,113/1
3714,富采,2.05,112,-,0.72,113/1
3715,定穎投控,2.43,112,14.41,2.52,113/1
4104,佳醫,4.78,112,19.17,1.68,113/1
4106,雃博,2.85,112,20.04,1.21,113/1
4108,懷特,0.00,112,-,2.01,113/1
4119,旭富,1.34,112,40.30,2.16,113/1
4133,亞諾法,2.21,112,32.88,1.55,113/1
4137,麗豐-KY,6.31,112,18.69,2.46,113/1
4142,國光生,0.00,111,-,2.22,113/1
4148,全宇生技-KY,1.96,112,25.58,1.45,113/1
4155,訊映,1.14,112,187.50,1.59,113/1
4164,承業醫,3.86,112,25.41,1.41,113/1
4190,佐登-KY,2.16,112,-,1.45,113/1
4306,炎洲,4.81,112,14.44,1.09,113/1
4414,如興,0.00,111,-,0.73,113/1
4426,利勤,0.00,111,-,1.11,113/1
4438,廣越,4.52,112,17.91,1.50,113/1
4439,冠星-KY,3.74,112,13.05,1.22,113/1
4440,宜新實業,4.01,112,24.46,1.33,113/1
4526,東台,0.85,112,-,1.18,113/1
4532,瑞智,3.51,112,15.92,1.46,113/1
4536,拓凱,4.10,112,12.74,2.19,113/1
4540,全球傳動,4.09,111,-,1.11,113/1
4545,銘鈺,2.42,112,24.18,1.65,113/1
4551,智伸科,2.27,112,23.97,1.58,113/1
4552,力達-KY,3.83,112,9.05,0.55,113/1
4555,氣立,0.78,112,-,1.58,113/1
4557,永新-KY,4.96,112,12.96,2.32,113/1
4560,強信-KY,2.69,112,28.84,1.42,113/1
4562,穎漢,0.00,112,-,3.30,113/1
4564,元翎,0.00,112,-,1.18,113/1
4566,時碩工業,1.76,112,22.19,1.86,113/1
4569,六方科-KY,4.27,112,20.65,1.29,113/1
4571,鈞興-KY,2.00,112,24.72,3.00,113/1
4572,駐龍,3.31,112,22.08,2.98,113/1
4576,大銀微系統,0.13,112,-,2.40,113/1
4581,光隆精密-KY,5.66,112,10.93,1.92,113/1
4583,台灣精銳,3.66,112,20.92,2.32,113/1
4588,玖鼎電力,2.96,112,27.73,4.87,113/1
4720,德淵,2.90,112,15.04,1.42,113/1
4722,國精化,2.38,112,18.75,1.47,113/1
4736,泰博,6.01,112,15.52,1.71,113/1
4737,華廣,2.89,112,628.18,2.22,113/1
4739,康普,1.16,112,"1,151.67",1.48,113/1
4746,台耀,2.04,112,213.04,1.58,113/1
4755,三福化,2.56,112,29.93,3.15,113/1
4763,材料-KY,1.51,112,10.42,5.64,113/1
4764,雙鍵,1.19,111,-,1.66,113/1
4766,南寶,4.20,112,17.76,3.52,113/1
4770,上品,3.00,112,19.59,4.55,113/1
4771,望隼,1.20,112,30.52,5.37,113/1
4807,日成-KY,0.00,112,-,0.91,113/1
4904,遠傳,3.83,112,26.95,3.30,113/1
4906,正文,3.93,112,24.81,1.17,113/1
4912,聯德控股-KY,1.35,112,24.60,2.16,113/1
4915,致伸,3.72,112,19.80,2.73,113/1
4916,事欣科,1.31,112,54.55,1.44,113/1
4919,新唐,2.43,112,24.03,3.27,113/1
4927,泰鼎-KY,0.00,112,-,1.16,113/1
4930,燦星網,6.81,112,8.88,0.85,113/1
4934,太極,0.00,112,-,2.46,113/1
4935,茂林-KY,2.44,112,14.15,0.95,113/1
4938,和碩,3.59,112,18.61,1.57,113/1
4942,嘉彰,4.94,112,10.14,0.77,113/1
4943,康控-KY,0.00,111,-,6.82,113/1
4949,有成精密,8.29,112,9.05,1.23,113/1
4952,凌通,1.95,112,36.91,3.33,113/1
4956,光鋐,0.00,111,-,1.40,113/1
4958,臻鼎-KY,2.82,112,16.52,1.12,113/1
4960,誠美材,2.04,111,-,0.91,113/1
4961,天鈺,4.12,112,14.77,1.76,113/1
4967,十銓,1.39,112,17.89,3.85,113/1
4968,立積,0.00,112,-,7.38,113/1
4976,佳凌,0.00,111,-,2.64,113/1
4977,眾達-KY,3.00,112,38.63,1.55,113/1
4989,榮科,1.97,111,-,1.59,113/1
4994,傳奇,3.00,112,35.70,6.78,113/1
4999,鑫禾,2.83,112,32.14,0.78,113/1
5007,三星,5.27,112,15.89,2.63,113/1
5203,訊連,2.68,112,30.92,1.78,113/1
5215,科嘉-KY,2.87,112,16.45,1.00,113/1
5222,全訊,2.49,112,25.93,5.75,113/1
5225,東科-KY,5.79,112,13.06,3.09,113/1
5234,達興材料,2.58,112,30.29,5.78,113/1
5243,乙盛-KY,2.61,112,19.28,1.31,113/1
5244,弘凱,2.54,112,18.92,1.87,113/1
5258,虹堡,1.32,112,15.46,3.42,113/1
5269,祥碩,1.01,112,50.53,7.18,113/1
5283,禾聯碩,7.24,112,17.29,2.09,113/1
5284,jpp-KY,4.12,112,26.70,2.59,113/1
5285,界霖,2.85,112,32.50,2.61,113/1
5288,豐祥-KY,3.69,112,13.34,2.84,113/1
5292,華懋,3.27,112,17.91,4.21,113/1
5306,桂盟,2.47,112,27.77,2.29,113/1
5388,中磊,4.48,112,12.85,2.31,113/1
5434,崇越,3.66,112,17.98,3.62,113/1
5469,瀚宇博,2.90,112,11.20,0.92,113/1
5471,松翰,2.29,112,39.10,2.41,113/1
5484,慧友,0.00,111,-,4.80,113/1
5515,建國,4.12,112,12.86,1.19,113/1
5519,隆大,4.20,112,11.32,2.21,113/1
5521,工信,0.00,111,129.50,1.20,113/1
5522,遠雄,3.74,112,23.94,1.66,113/1
5525,順天,4.83,112,15.59,1.99,113/1
5531,鄉林,0.00,111,-,1.19,113/1
5533,皇鼎,4.87,112,12.51,0.75,113/1
5534,長虹,4.40,112,20.39,1.81,113/1
5538,東明-KY,3.08,112,28.26,0.97,113/1
5546,永固-KY,6.07,112,-,1.16,113/1
5607,遠雄港,2.99,112,23.28,1.88,113/1
5608,四維航,6.20,111,-,0.96,113/1
5706,鳳凰,3.91,112,21.33,3.69,113/1
5871,中租-KY,4.38,112,11.27,1.67,113/1
5876,上海商銀,3.90,112,15.20,1.16,113/1
5880,合庫金,3.87,112,21.54,1.54,113/1
5906,台南-KY,3.05,112,27.41,3.18,113/1
5907,大洋-KY,0.00,111,-,0.35,113/1
6005,群益證,5.47,112,12.03,1.27,113/1
6024,群益期,5.60,112,12.48,1.72,113/1
6108,競國,2.35,112,28.78,0.93,113/1
6112,邁達特,4.41,112,20.87,2.81,113/1
6115,鎰勝,5.34,112,17.29,1.99,113/1
6116,彩晶,0.00,112,-,0.71,113/1
6117,迎廣,0.00,111,50.00,8.89,113/1
6120,達運,0.63,112,31.27,1.15,113/1
6128,上福,6.35,112,11.98,1.23,113/1
6133,金橋,3.27,111,63.75,1.59,113/1
6136,富爾特,5.22,112,25.00,0.64,113/1
6139,亞翔,4.04,112,14.78,3.98,113/1
6141,柏承,0.00,111,-,1.23,113/1
6142,友勁,0.00,112,-,1.07,113/1
6152,百一,0.00,111,-,1.27,113/1
6153,嘉聯益,1.15,111,-,0.99,113/1
6155,鈞寶,2.85,112,31.76,1.69,113/1
6164,華興,3.40,111,-,1.45,113/1
6165,浪凡,0.98,112,47.94,2.32,113/1
6166,凌華,1.35,112,95.13,3.11,113/1
6168,宏齊,2.07,112,47.45,1.63,113/1
6176,瑞儀,4.63,112,15.48,2.72,113/1
6177,達麗,5.67,112,13.13,2.78,113/1
6183,關貿,3.73,112,23.03,4.07,113/1
6184,大豐電,5.42,112,15.75,1.94,113/1
6189,豐藝,3.92,112,16.54,3.18,113/1
6191,精成科,4.58,112,10.84,1.56,113/1
6192,巨路,4.41,112,12.60,1.74,113/1
6196,帆宣,3.69,112,14.91,2.79,113/1
6197,佳必琪,2.46,112,27.02,6.51,113/1
6201,亞弘電,6.14,112,13.77,2.28,113/1
6202,盛群,0.75,112,460.00,3.57,113/1
6205,詮欣,1.97,112,49.16,2.52,113/1
6206,飛捷,4.17,112,20.38,2.80,113/1
6209,今國光,1.60,112,-,1.78,113/1
6213,聯茂,1.35,112,53.61,2.04,113/1
6214,精誠,4.19,112,18.37,2.05,113/1
6215,和椿,1.66,112,61.53,3.50,113/1
6216,居易,4.00,112,21.47,2.22,113/1
6224,聚鼎,2.76,112,36.44,1.83,113/1
6225,天瀚,0.00,112,43.59,4.90,113/1
6226,光鼎,0.00,111,-,1.11,113/1
6230,尼得科超眾,0.34,112,47.82,4.48,113/1
6235,華孚,1.94,112,20.79,4.19,113/1
6239,力成,3.88,112,15.65,2.37,113/1
6243,迅杰,1.89,112,38.42,3.39,113/1
6257,矽格,3.35,112,16.44,2.15,113/1
6269,台郡,5.68,112,14.33,1.17,113/1
6271,同欣電,1.57,112,27.88,1.31,113/1
6277,宏正,5.19,112,20.42,2.16,113/1
6278,台表科,4.37,112,11.53,1.67,113/1
6281,全國電,5.33,112,17.19,3.32,113/1
6282,康舒,1.33,112,-,1.42,113/1
6283,淳安,0.00,111,-,2.80,113/1
6285,啟碁,3.81,112,19.21,2.36,113/1
6288,聯嘉,0.64,112,115.19,2.06,113/1
6405,悅城,0.42,112,-,0.63,113/1
6409,旭隼,2.16,112,42.39,16.08,113/1
6412,群電,4.04,112,17.45,4.83,113/1
6414,樺漢,3.49,112,18.68,1.98,113/1
6415,矽力*-KY,0.40,112,310.76,5.96,113/1
6416,瑞祺電通,2.23,112,31.38,2.82,113/1
6423,億而得-創,1.00,112,84.45,8.94,113/1
6426,統新,0.78,112,-,2.29,113/1
6431,光麗-KY,0.00,111,-,1.54,113/1
6438,迅得,4.69,112,14.16,2.13,113/1
6442,光聖,0.85,112,65.73,6.76,113/1
6443,元晶,1.44,112,38.01,1.86,113/1
6446,藥華藥,0.00,112,363.91,6.58,113/1
6449,鈺邦,1.85,112,24.85,3.45,113/1
6451,訊芯-KY,1.32,112,67.15,2.97,113/1
6456,GIS-KY,0.00,112,-,0.75,113/1
6464,台數科,5.04,112,15.07,1.35,113/1
6472,保瑞,1.55,112,28.92,9.01,113/1
6477,安集,2.14,112,85.00,1.42,113/1
6491,晶碩,2.10,112,20.32,3.85,113/1
6504,南六,1.50,112,29.44,1.45,113/1
6505,台塑化,3.04,112,27.88,1.95,113/1
6515,穎崴,1.22,112,60.29,9.37,113/1
6525,捷敏-KY,5.30,112,15.14,2.15,113/1
6526,達發,0.68,112,97.21,7.56,113/1
6531,愛普*,1.97,112,32.87,5.42,113/1
6533,晶心科,0.00,112,-,4.44,113/1
6534,正瀚-創,4.88,112,17.61,3.27,113/1
6541,泰福-KY,0.00,111,-,13.98,113/1
6550,北極星藥業-KY,0.00,112,-,7.49,113/1
6552,易華電,0.59,112,88.77,1.59,113/1
6558,興能高,0.00,112,"2,525.00",1.58,113/1
6573,虹揚-KY,0.00,111,-,1.74,113/1
6579,研揚,3.74,112,25.70,2.65,113/1
6581,鋼聯,4.10,112,21.26,3.10,113/1
6582,申豐,0.00,112,-,0.92,113/1
6585,鼎基,2.06,112,24.62,4.15,113/1
6591,動力-KY,4.36,112,18.45,1.31,113/1
6592,和潤企業,3.60,112,20.37,2.11,113/1
6598,ABC-KY,0.00,112,-,2.65,113/1
6605,帝寶,2.94,112,13.05,2.05,113/1
6606,建德工業,5.42,112,28.27,1.85,113/1
6625,必應,4.73,112,13.08,4.62,113/1
6641,基士德-KY,2.41,112,20.65,1.03,113/1
6645,金萬林-創,0.00,112,-,3.29,113/1
6655,科定,7.09,112,36.08,4.08,113/1
6657,華安,0.00,112,-,5.09,113/1
6658,聯策,2.64,112,50.56,1.46,113/1
6666,羅麗芬-KY,2.07,112,34.00,1.81,113/1
6668,中揚光,0.00,111,-,3.11,113/1
6669,緯穎,1.60,112,34.18,9.48,113/1
6670,復盛應用,4.10,112,15.41,3.28,113/1
6671,三能-KY,5.50,112,14.95,1.71,113/1
6672,騰輝電子-KY,4.00,112,13.45,1.89,113/1
6674,鋐寶科技,1.72,111,-,1.77,113/1
6689,伊雲谷,1.96,112,36.30,2.34,113/1
6691,洋基工程,4.44,112,20.35,7.69,113/1
6695,芯鼎,0.00,112,-,3.72,113/1
6698,旭暉應材,0.00,111,-,2.08,113/1
6706,惠特,4.57,111,-,1.58,113/1
6715,嘉基,2.01,112,28.61,3.29,113/1
6719,力智,0.84,112,130.92,2.98,113/1
6742,澤米,1.74,112,265.38,3.28,113/1
6743,安普新,0.85,112,-,3.27,113/1
6753,龍德造船,1.35,112,18.93,3.88,113/1
6754,匯僑設計,5.43,112,14.08,2.13,113/1
6756,威鋒電子,1.00,112,64.63,5.01,113/1
6757,台灣虎航-創,0.00,111,9.56,4.24,113/1
6768,志強-KY,3.93,112,22.59,1.32,113/1
6770,力積電,0.00,112,-,1.09,113/1
6771,平和環保-創,5.90,112,14.24,3.09,113/1
6776,展碁國際,5.53,112,12.49,2.31,113/1
6781,AES-KY,1.88,112,29.07,3.84,113/1
6782,視陽,0.87,112,39.96,5.78,113/1
6789,采鈺,0.32,112,215.86,5.90,113/1
6790,永豐實,5.76,112,12.68,2.31,113/1
6792,詠業,4.40,112,21.36,2.41,113/1
6794,向榮生技-創,0.00,112,-,8.36,113/1
6796,晉弘,2.17,112,56.39,3.66,113/1
6799,來頡,2.13,112,26.98,4.51,113/1
6805,富世達,0.78,112,62.28,10.74,113/1
6806,森崴能源,1.14,112,42.69,2.45,113/1
6807,峰源-KY,4.65,112,9.46,1.44,113/1
6830,汎銓,3.38,112,28.85,2.42,113/1
6834,天二科技,3.22,111,-,2.13,113/1
6835,圓裕,3.75,112,13.48,2.25,113/1
6854,錼創科技-KY創,0.00,111,-,4.37,113/1
6861,睿生光電,1.52,112,27.08,2.22,113/1
6863,永道-KY,1.23,112,33.75,3.22,113/1
6869,雲豹能源-創,4.75,112,16.06,3.72,113/1
6873,泓德能源-創,2.52,112,21.85,3.24,113/1
6901,鑽石投資,0.00,112,-,2.89,113/1
6902,走著瞧-創,0.00,112,346.74,10.96,113/1
6906,現觀科,1.88,112,48.04,5.61,113/1
6914,阜爾運通,2.91,112,18.90,4.93,113/1
6916,華凌,3.95,112,31.29,1.52,113/1
6928,攸泰科技,1.39,112,24.04,4.42,113/1
6933,AMAX-KY,0.89,112,54.98,6.54,113/1
6937,天虹,1.00,112,43.96,4.37,113/1
6949,沛爾生醫-創,0.00,111,-,5.27,113/1
8011,台通,0.00,112,85.00,1.26,113/1
8016,矽創,4.49,112,16.00,3.15,113/1
8021,尖點,2.51,112,-,1.03,113/1
8028,昇陽半導體,2.80,112,35.27,2.77,113/1
8033,雷虎,0.00,111,907.50,8.38,113/1
8039,台虹,2.78,112,18.82,1.41,113/1
8046,南電,2.83,112,37.62,2.80,113/1
8070,長華*,4.84,112,21.81,2.14,113/1
8072,陞泰,2.61,112,29.59,1.04,113/1
8081,致新,4.50,112,16.56,4.16,113/1
8101,華冠,0.00,111,-,5.73,113/1
8103,瀚荃,2.73,112,14.85,1.29,113/1
8104,錸寶,4.18,111,-,1.40,113/1
8105,凌巨,0.70,112,25.54,0.79,113/1
8110,華東,1.05,112,90.71,0.93,113/1
8112,至上,4.81,112,18.55,2.80,113/1
8114,振樺電,3.14,112,25.69,2.94,113/1
8131,福懋科,2.32,112,26.58,1.50,113/1
8150,南茂,4.09,112,15.02,1.27,113/1
8162,微矽電子-創,1.33,112,-,1.89,113/1
8163,達方,5.88,112,11.45,1.66,113/1
8201,無敵,0.00,111,-,2.34,113/1
8210,勤誠,1.61,112,26.27,6.08,113/1
8213,志超,2.56,112,10.21,0.69,113/1
8215,明基材,3.61,112,26.56,1.93,113/1
8222,寶一,0.67,112,35.97,3.55,113/1
8249,菱光,3.74,112,18.88,0.75,113/1
8261,富鼎,3.01,112,27.39,1.82,113/1
8271,宇瞻,4.69,112,15.94,1.82,113/1
8341,日友,3.88,112,37.95,2.75,113/1
8367,建新國際,5.06,112,16.82,1.39,113/1
8374,羅昇,0.45,112,-,3.86,113/1
8404,百和興業-KY,3.25,111,-,1.39,113/1
8411,福貞-KY,0.57,112,61.30,0.53,113/1
8422,可寧衛,5.21,112,22.59,3.22,113/1
8429,金麗-KY,0.00,111,-,0.30,113/1
8438,昶昕,2.18,112,28.81,1.65,113/1
8442,威宏-KY,4.31,112,11.58,2.63,113/1
8443,阿瘦,0.00,111,32.84,0.96,113/1
8454,富邦媒,3.35,112,29.12,9.52,113/1
8462,柏文,1.74,112,52.38,5.24,113/1
8463,潤泰材,2.20,112,26.38,1.93,113/1
8464,億豐,3.20,112,18.99,4.90,113/1
8466,美吉吉-KY,0.50,112,-,1.56,113/1
8467,波力-KY,0.00,112,19.57,4.04,113/1
8473,山林水,0.84,112,34.70,1.08,113/1
8476,台境,4.08,112,12.22,2.47,113/1
8478,東哥遊艇,3.21,112,16.42,4.94,113/1
8481,政伸,3.64,112,31.43,2.41,113/1
8482,商億-KY,3.58,112,18.88,1.97,113/1
8487,愛爾達-創,5.52,112,15.89,3.24,113/1
8488,吉源-KY,0.00,111,-,0.47,113/1
8499,鼎炫-KY,3.20,112,11.60,0.66,113/1
8926,台汽電,3.97,112,40.17,2.25,113/1
8940,新天地,0.00,112,13.12,2.25,113/1
8996,高力,0.81,112,76.40,17.25,113/1
9802,鈺齊-KY,3.80,112,19.20,2.02,113/1
9902,台火,1.74,112,29.66,1.31,113/1
9904,寶成,2.93,112,7.74,0.81,113/1
9905,大華,4.53,112,15.78,0.95,113/1
9906,欣巴巴,6.19,112,17.63,5.17,113/1
9907,統一實,2.04,112,43.24,1.19,113/1
9908,大台北,3.71,112,14.13,1.18,113/1
9910,豐泰,2.66,112,28.99,6.28,113/1
9911,櫻花,4.45,112,15.77,3.41,113/1
9912,偉聯,0.00,111,-,1.59,113/1
9914,美利達,2.50,112,46.51,3.30,113/1
9917,中保科,4.08,112,21.72,4.28,113/1
9918,欣天然,3.65,112,18.94,2.38,113/1
9919,康那香,1.39,112,6.44,1.49,113/1
9921,巨大,2.21,112,28.72,2.55,113/1
9924,福興,5.25,112,9.81,1.61,113/1
9925,新保,4.75,112,17.18,1.42,113/1
9926,新海,3.66,112,21.25,2.38,113/1
9927,泰銘,6.40,112,11.82,2.31,113/1
9928,中視,0.00,111,78.10,0.64,113/1
9929,秋雨,0.00,112,-,1.99,113/1
9930,中聯資源,4.57,112,17.20,2.58,113/1
9931,欣高,2.71,112,22.67,1.60,113/1
9933,中鼎,4.22,112,19.84,2.30,113/1
9934,成霖,6.09,112,11.73,1.28,113/1
9935,慶豐富,2.00,112,19.53,1.87,113/1
9937,全國,3.13,112,26.17,3.61,113/1
9938,百和,1.46,112,26.32,1.72,113/1
9939,宏全,3.21,112,17.36,3.08,113/1
9940,信義,5.04,112,13.63,1.77,113/1
9941,裕融,4.09,112,16.69,2.54,113/1
9942,茂順,5.47,112,11.13,2.55,113/1
9943,好樂迪,5.73,112,15.37,3.12,113/1
9944,新麗,2.59,112,231.50,0.68,113/1
9945,潤泰新,3.15,112,9.51,1.31,113/1
9946,三發地產,1.41,112,130.39,2.44,113/1
9955,佳龍,0.00,111,-,2.82,113/1
9958,世紀鋼,0.92,112,46.89,6.58,113/1
