"id","季度","營業利益損失","母公司業主淨利損","公司名稱"
10,"2023 第一季","1,024,601","-174,865","潤泰新"
11,"2023 第二季","2,345,901","226,803","潤泰新"
12,"2023 第三季","3,188,768","594,429","潤泰新"
13,"2023 第四季","5,016,398","1,283,544","潤泰新"
14,"2024 第一季","1,266,747","1,397,234","潤泰新"
15,"2023 第一季","1,966,700","55,162","裕融"
16,"2023 第二季","4,043,312","-200,895","裕融"
17,"2023 第三季","6,245,889","241,911","裕融"
18,"2023 第四季","8,503,979","603","裕融"
19,"2024 第一季","2,331,066","1,804,874","裕融"
47,"2023 第一季","73,134","47,789","世紀鋼"
48,"2023 第二季","375,481","278,633","世紀鋼"
49,"2023 第三季","917,868","590,396","世紀鋼"
50,"2023 第四季","1,956,074","1,046,617","世紀鋼"
51,"2024 第一季","1,060,381","650,760","世紀鋼"
52,"2023 第一季","517,159","41,144","宏全"
53,"2023 第二季","1,132,099","67,975","宏全"
54,"2023 第三季","1,755,265","89,056","宏全"
55,"2023 第四季","3,181,838","85,806","宏全"
56,"2024 第一季","584,707","27,744","宏全"
57,"2023 第一季","41,845","298,855","中鼎"
58,"2023 第二季","126,986","726,051","中鼎"
59,"2023 第三季","2,569,439","1,294,301","中鼎"
60,"2023 第四季","3,278,959","2,585,089","中鼎"
61,"2024 第一季","929,163","289,901","中鼎"
62,"2023 第一季","2,714,807","1,006,770","巨大"
63,"2023 第二季","5,815,481","1,955,477","巨大"
64,"2023 第三季","4,431,737","3,120,405","巨大"
65,"2023 第四季","12,263,973","-351","巨大"
66,"2024 第一季","2,693,622","1,136,562","巨大"
67,"2023 第一季","2,400","10,566","中保科"
68,"2023 第二季","6,900","90,374","中保科"
69,"2023 第三季","13,235","26,015","中保科"
70,"2023 第四季","5,194","44,611","中保科"
71,"2024 第一季","695,734","619,580","中保科"
72,"2023 第一季","365,216","529,375","美利達"
73,"2023 第二季","627,769","1,666,238","美利達"
74,"2023 第三季","815,070","3,088,799","美利達"
75,"2023 第四季","1,145,441","67,898","美利達"
76,"2024 第一季","311,947","1,196,227","美利達"
78,"2023 第二季","62,268","238,837","豐泰"
81,"2024 第一季","12,734","143,621","豐泰"
86,"2024 第一季","3,790,461","8,406,608","寶成"
87,"2023 第一季","164,618","126,662","高力"
88,"2023 第二季","262,225","334,263","高力"
89,"2023 第三季","377,981","540,399","高力"
90,"2023 第四季","512,511","555,824","高力"
91,"2024 第一季","115,352","128,583","高力"
92,"2023 第一季","167,249","3,573","台汽電"
93,"2023 第二季","251,500","4,460","台汽電"
94,"2023 第三季","-32,149","1,061,446","台汽電"
95,"2023 第四季","543,258","-1,534","台汽電"
96,"2024 第一季","172,241","2,197","台汽電"
100,"2023 第四季","113,097","23.66","東哥遊艇"
107,"2023 第一季","1,517,005","19,438","富邦媒"
108,"2023 第二季","3,158,370","-15,944","富邦媒"
110,"2023 第四季","6,320,978","-10,752","富邦媒"
112,"2023 第一季","1,121,245","585,681","大國鋼"
114,"2023 第三季","3,343,925","746,402","大國鋼"
116,"2024 第一季","1,117,040","-336,595","大國鋼"
117,"2023 第一季","-75,501","5,821","群聯"
120,"2023 第四季","-50,601","-124,063","群聯"
121,"2024 第一季","-39,169","67,548","群聯"
122,"2023 第一季","211,866","46,871","勤誠"
123,"2023 第二季","466,540","305,656","勤誠"
124,"2023 第三季","670,412","527,308","勤誠"
125,"2023 第四季","1,127,293","-32,888","勤誠"
126,"2024 第一季","291,374","474,054","勤誠"
127,"2023 第一季","296,341","-19,640","至上"
128,"2023 第二季","1,499,624","694,011","至上"
129,"2023 第三季","2,769,755","1,378,436","至上"
130,"2023 第四季","4,479,885","2,397,815","至上"
131,"2024 第一季","1,282,515","530,645","至上"
132,"2023 第一季","340,491","-1,985","長華*"
133,"2023 第二季","721,343","-9,252","長華*"
134,"2023 第三季","1,025,094","55,973","長華*"
135,"2023 第四季","1,391,338","-18,246","長華*"
136,"2024 第一季","387,393","319,789","長華*"
137,"2023 第一季","1,812,453","-549,590","元太"
138,"2023 第二季","3,842,734","-449,501","元太"
139,"2023 第三季","5,773,446","544,186","元太"
140,"2023 第四季","7,285,477","23,258","元太"
141,"2024 第一季","833,107","988,019","元太"
142,"2023 第一季","3,165,155","96,087","南電"
143,"2023 第二季","4,609,277","-446,859","南電"
144,"2023 第三季","5,639,949","330,741","南電"
145,"2023 第四季","6,329,982","-312,115","南電"
146,"2024 第一季","72,660","553,060","南電"
147,"2023 第一季","697,795","476,095","矽創"
148,"2023 第二季","1,509,642","1,258,861","矽創"
149,"2023 第三季","2,363,945","1,954,214","矽創"
150,"2023 第四季","3,211,129","213,466","矽創"
151,"2024 第一季","846,520","161,268","矽創"
160,"2023 第四季","2,263,883","1,293,778","來億-KY"
161,"2024 第一季","602,524","94,513","來億-KY"
163,"2023 第二季","200,715","4.21","富世達"
165,"2023 第四季","437,140","10.18","富世達"
166,"2024 第一季","143,714","3.27","富世達"
168,"2023 第二季","25,065","726,051","采鈺"
172,"2023 第一季","264,367","636,920","AES-KY"
173,"2023 第二季","541,320","1,047,039","AES-KY"
174,"2023 第三季","1,657,183","1,500,437","AES-KY"
175,"2023 第四季","210,663","-127,424","AES-KY"
176,"2024 第一季","253,327","837,497","AES-KY"
180,"2023 第四季","811,301","-0.4","力積電"
183,"2023 第二季","18,462","10.16","洋基工程"
184,"2023 第三季","28,785","15.92","洋基工程"
185,"2023 第四季","38,267","-1,034","洋基工程"
187,"2023 第一季","-4,816","687,934","復盛應用"
188,"2023 第二季","13,723","1,064,535","復盛應用"
189,"2023 第三季","2,230","1,720,224","復盛應用"
190,"2023 第四季","3,041,058","2,404,300","復盛應用"
191,"2024 第一季","455","1,074,251","復盛應用"
192,"2023 第一季","1,701,962","3,224,562","緯穎"
193,"2023 第二季","3,169,765","6,452,564","緯穎"
194,"2023 第三季","4,972,314","10,313,195","緯穎"
195,"2023 第四季","6,786,731","128,620","緯穎"
196,"2024 第一季","1,848,559","6,296,743","緯穎"
197,"2023 第一季","6,258","2.24","M31"
198,"2023 第二季","131,972","169,076","M31"
199,"2023 第三季","277,937","323,791","M31"
200,"2023 第四季","446,496","435,189","M31"
201,"2024 第一季","2,708","43,717","M31"
203,"2023 第二季","1,440,364","-43,154","帝寶"
204,"2023 第三季","2,160,965","-22,335","帝寶"
205,"2023 第四季","2,956,709","-22,019","帝寶"
206,"2024 第一季","711,881","18,663","帝寶"
207,"2023 第一季","1,292,294","943,590","和潤企業"
209,"2023 第三季","3,926,438","3,018,700","和潤企業"
210,"2023 第四季","5,225,934","3,811,711","和潤企業"
211,"2024 第一季","1,224,813","1,002,373","和潤企業"
212,"2023 第一季","73,419","0","北極星藥業-KY"
213,"2023 第二季","165,816","-960","北極星藥業-KY"
214,"2023 第三季","221,128","-8,952","北極星藥業-KY"
216,"2024 第一季","476,047","-11,933","北極星藥業-KY"
217,"2023 第一季","273,509","380,110","長科*"
218,"2023 第二季","543,320","864,258","長科*"
219,"2023 第三季","863,838","1,284,707","長科*"
221,"2024 第一季","274,698","436,921","長科*"
222,"2023 第一季","189,412","62,576","愛普*"
224,"2023 第三季","676,722","1,076,870","愛普*"
225,"2023 第四季","902,225","8.93","愛普*"
226,"2024 第一季","238,893","2.27","愛普*"
228,"2023 第二季","394,124","316,630","達發"
229,"2023 第三季","858,802","801,313","達發"
230,"2023 第四季","1,010,613","-60,341","達發"
233,"2023 第二季","121,421","8.14","穎崴"
235,"2023 第四季","231,882","13.52","穎崴"
236,"2024 第一季","78,514","5.81","穎崴"
237,"2023 第一季","2,797,614","8,280","台塑化"
238,"2023 第二季","5,643,813","6,022","台塑化"
239,"2023 第三季","8,769,519","-4,987","台塑化"
240,"2023 第四季","11,618,107","45,201","台塑化"
241,"2024 第一季","2,858,276","2,931","台塑化"
242,"2023 第一季","351,882","6,500","晶碩"
244,"2023 第三季","1,207,802","1,078,861","晶碩"
245,"2023 第四季","1,687,173","22,029","晶碩"
246,"2024 第一季","403,966","5,139","晶碩"
247,"2023 第一季","1,448,656","5,000,228","環球晶"
248,"2023 第二季","2,982,988","9,789,589","環球晶"
249,"2023 第三季","4,519,151","15,328,831","環球晶"
250,"2023 第四季","6,382,005","-461,302","環球晶"
251,"2024 第一季","1,200,031","3,533,833","環球晶"
252,"2023 第一季","1,547,439","3,927","保瑞"
253,"2023 第二季","2,894,216","12,729","保瑞"
255,"2023 第四季","5,249,139","41,779","保瑞"
256,"2024 第一季","892,043","27,524","保瑞"
261,"2024 第一季","17,585","1","藥華藥"
262,"2023 第一季","1,529,910","-253,983","矽力*-KY"
263,"2023 第二季","2,993,740","385,559","矽力*-KY"
264,"2023 第三季","4,767,520","1,523,414","矽力*-KY"
265,"2023 第四季","6,579,439","-844","矽力*-KY"
266,"2024 第一季","1,991,483","1,334,185","矽力*-KY"
267,"2023 第一季","4,230,075","280","樺漢"
268,"2023 第二季","148,690","707,890","樺漢"
270,"2023 第四季","199,283","-79,599","樺漢"
271,"2024 第一季","184,783","886,393","樺漢"
272,"2023 第一季","821,970","623,512","群電"
273,"2023 第二季","1,810,945","1,127,960","群電"
275,"2023 第四季","3,738,747","3,294,677","群電"
276,"2024 第一季","891,030","859,641","群電"
277,"2023 第一季","239,724","745,913","旭隼"
278,"2023 第二季","483,693","2,067,943","旭隼"
279,"2023 第三季","717,616","2,697,586","旭隼"
280,"2023 第四季","933,367","3,622,556","旭隼"
281,"2024 第一季","227,717","713,868","旭隼"
282,"2023 第一季","1,977,741","406","啟碁"
284,"2023 第三季","6,606,998","93,248","啟碁"
285,"2023 第四季","8,923,269","-35,037","啟碁"
287,"2023 第一季","628,564","284,694","台表科"
288,"2023 第二季","1,326,035","916,634","台表科"
289,"2023 第三季","2,033,657","1,829,855","台表科"
290,"2023 第四季","2,787,164","2,255,469","台表科"
292,"2023 第一季","93,224","-0.77","台燿"
293,"2023 第二季","173,732","0.23","台燿"
294,"2023 第三季","237,845","1.6","台燿"
295,"2023 第四季","310,463","-185,432","台燿"
296,"2024 第一季","82,624","1.66","台燿"
297,"2023 第一季","338,771","82,461","矽格"
298,"2023 第二季","711,209","205,691","矽格"
299,"2023 第三季","1,137,635","335,320","矽格"
300,"2023 第四季","1,500,561","2,664,897","矽格"
301,"2024 第一季","400,020","119,892","矽格"
302,"2023 第一季","822,338","296,065","力成"
303,"2023 第二季","1,869,938","692,234","力成"
304,"2023 第三季","3,128,863","1,112,623","力成"
305,"2023 第四季","4,455,409","9,363,758","力成"
306,"2024 第一季","1,162,488","1,736,636","力成"
307,"2023 第一季","939,346","30,111","旺矽"
308,"2023 第二季","1,973,971","622,676","旺矽"
309,"2023 第三季","3,098,662","1,034,895","旺矽"
310,"2023 第四季","4,250,049","1,309,575","旺矽"
311,"2024 第一季","1,025,892","177,160","旺矽"
312,"2023 第一季","3,153","486,146","精誠"
313,"2023 第二季","834,036","881,699","精誠"
314,"2023 第三季","12,302","1,283,620","精誠"
315,"2023 第四季","44,375","1,578,888","精誠"
316,"2024 第一季","5,104","685,991","精誠"
317,"2023 第一季","541,901","99,991","聯茂"
318,"2023 第二季","1,064,592","-428,279","聯茂"
319,"2023 第三季","1,575,099","371,884","聯茂"
320,"2023 第四季","2,110,768","-280,579","聯茂"
321,"2024 第一季","537,616","825,128","聯茂"
322,"2023 第一季","412,668","166,927","精成科"
323,"2023 第二季","954,258","407,956","精成科"
324,"2023 第三季","1,388,485","1,312,527","精成科"
325,"2023 第四季","1,846,165","637,519","精成科"
326,"2024 第一季","498,111","720,428","精成科"
327,"2023 第一季","705,484","808,374","瑞儀"
328,"2023 第二季","1,539,175","2,660,246","瑞儀"
329,"2023 第三季","2,448,475","5,177,850","瑞儀"
330,"2023 第四季","3,296,282","-245,804","瑞儀"
331,"2024 第一季","904,080","2,534,905","瑞儀"
332,"2023 第一季","757,638","1,456,129","頎邦"
333,"2023 第二季","1,787,078","1,273,531","頎邦"
334,"2023 第三季","2,635,090","3,243,058","頎邦"
335,"2023 第四季","3,325,994","-45,318","頎邦"
336,"2024 第一季","125,914","1,479,047","頎邦"
337,"2023 第一季","403,539","319,472","亞翔"
338,"2023 第二季","764,831","786,459","亞翔"
339,"2023 第三季","911,003","1,769,575","亞翔"
340,"2023 第四季","1,142,919","64,648","亞翔"
341,"2024 第一季","405,885","931,374","亞翔"
342,"2023 第一季","1,735,769","1,242,959","新普"
343,"2023 第二季","2,199,609","2,807,803","新普"
344,"2023 第三季","3,510,458","5,292,983","新普"
345,"2023 第四季","4,726,346","-237,329","新普"
346,"2024 第一季","1,054,783","1,769,883","新普"
347,"2023 第一季","58,949","8,430","群益證"
348,"2023 第二季","2,103,041","17,728","群益證"
350,"2023 第四季","2,887,473","43,272","群益證"
351,"2024 第一季","212,282","360","群益證"
357,"2023 第一季","13,700","0.88","全家"
359,"2023 第三季","56,097","1,189,718","全家"
360,"2023 第四季","84,941","1,638,589","全家"
361,"2024 第一季","15,195","1.17","全家"
363,"2023 第二季","-3,837,352","-964","合庫金"
364,"2023 第三季","-12,505,365","451","合庫金"
365,"2023 第四季","1,245,069","9,524,006","合庫金"
366,"2024 第一季","-11,472,158","756","合庫金"
367,"2023 第一季","102,734","1,343,572","上海商銀"
368,"2023 第二季","165,551","981,149","上海商銀"
369,"2023 第三季","276,134","6,591,273","上海商銀"
370,"2023 第四季","58,233","4,006,061","上海商銀"
371,"2024 第一季","314","3,079,792","上海商銀"
372,"2023 第一季","881,162","9,877,490","中租-KY"
373,"2023 第二季","1,908,631","18,965,212","中租-KY"
374,"2023 第三季","3,118,219","28,005,474","中租-KY"
375,"2023 第四季","4,133,131","36,212,948","中租-KY"
376,"2024 第一季","995,159","8,219,397","中租-KY"
377,"2023 第一季","404,035","144,288","長虹"
378,"2023 第二季","789,493","0","長虹"
379,"2023 第三季","884,936","0","長虹"
380,"2023 第四季","6,791,715","1,835,927","長虹"
381,"2024 第一季","331,955","86,948","長虹"
382,"2023 第一季","12,307","1.41","遠雄"
383,"2023 第二季","12,307","1.42","遠雄"
384,"2023 第三季","24,829","2.19","遠雄"
385,"2023 第四季","34,878","3,717,627","遠雄"
386,"2024 第一季","0","0.56","遠雄"
392,"2023 第一季","1,794,135","-1,302,287","中美晶"
393,"2023 第二季","3,677,270","-1,107,205","中美晶"
394,"2023 第三季","5,588,417","460,064","中美晶"
395,"2023 第四季","8,079,809","-319,692","中美晶"
396,"2024 第一季","4,355,479","1,902,010","中美晶"
397,"2023 第一季","287,685","743,744","崇越"
398,"2023 第二季","537,328","1,411,618","崇越"
399,"2023 第三季","813,302","2,216,640","崇越"
401,"2024 第一季","220,422","778,805","崇越"
402,"2023 第一季","663,260","0","中光電"
403,"2023 第二季","1,417,366","-377,315","中光電"
404,"2023 第三季","2,145,153","948,781","中光電"
405,"2023 第四季","2,901,998","1,413,047","中光電"
406,"2024 第一季","648,879","13","中光電"
407,"2023 第一季","1,365,294","1,363,819","世界"
408,"2023 第二季","3,171,032","3,358,945","世界"
409,"2023 第三季","4,835,987","4,982,328","世界"
411,"2024 第一季","1,233,037","1,272,079","世界"
412,"2023 第一季","149,743","4.93","信驊"
413,"2023 第二季","305,117","11.3","信驊"
414,"2023 第三季","464,628","18.46","信驊"
415,"2023 第四季","212,670","1,006,571","信驊"
417,"2023 第一季","349,216","829,705","祥碩"
419,"2023 第三季","1,039,652","1,474,090","祥碩"
420,"2023 第四季","1,389,021","-59,755","祥碩"
421,"2024 第一季","387,897","917,240","祥碩"
422,"2023 第一季","977,885","4.46","譜瑞-KY"
424,"2023 第三季","3,009,207","17.53","譜瑞-KY"
425,"2023 第四季","1,966,527","25.55","譜瑞-KY"
426,"2024 第一季","1,111,295","7.17","譜瑞-KY"
427,"2023 第一季","3,856,616","1,409,739","臻鼎-KY"
428,"2023 第二季","7,867,355","-1,454,218","臻鼎-KY"
429,"2023 第三季","12,875,448","7,361,234","臻鼎-KY"
430,"2023 第四季","18,299,805","-1,253,016","臻鼎-KY"
431,"2024 第一季","4,594,379","6,409,429","臻鼎-KY"
432,"2023 第一季","2,823,684","-417,015","和碩"
433,"2023 第二季","5,897,820","1,777,617","和碩"
434,"2023 第三季","10,294,365","8,723,975","和碩"
435,"2023 第四季","14,752,658","219,669","和碩"
436,"2024 第一季","3,023,068","7,406,261","和碩"
437,"2023 第一季","368,357","671,601","新唐"
438,"2023 第二季","6,405,973","1,114,375","新唐"
439,"2023 第三季","9,538,261","1,713,535","新唐"
440,"2023 第四季","12,652,470","-440,774","新唐"
441,"2024 第一季","3,078,060","385,213","新唐"
442,"2023 第一季","1,619,389","554,882","致伸"
443,"2023 第二季","3,380,849","1,254,116","致伸"
444,"2023 第三季","5,112,432","1,990,712","致伸"
445,"2023 第四季","6,838,317","2,344,565","致伸"
446,"2024 第一季","1,588,031","24,109","致伸"
447,"2023 第一季","185,254","172,588","遠傳"
448,"2023 第二季","371,504","76,715","遠傳"
449,"2023 第三季","598,203","27,964","遠傳"
450,"2023 第四季","827,426","-50","遠傳"
451,"2024 第一季","234,003","-14,230","遠傳"
452,"2023 第一季","784,537","76,554","南寶"
455,"2023 第四季","3,526,078","-95,480","南寶"
456,"2024 第一季","885,018","912,655","南寶"
457,"2023 第一季","643,239","521,759","材料-KY"
458,"2023 第二季","1,907,211","1,600,638","材料-KY"
459,"2023 第三季","3,716,635","3,240,182","材料-KY"
460,"2023 第四季","6,048,563","5,175,744","材料-KY"
461,"2024 第一季","2,227,519","9,270","材料-KY"
462,"2023 第一季","-250,460","188,835","合一"
463,"2023 第二季","-529,946","97,484","合一"
464,"2023 第三季","-799,037","-261,416","合一"
465,"2023 第四季","-1,096,625","21,477","合一"
466,"2024 第一季","-260,380","-200,857","合一"
467,"2023 第一季","128,498","-1,678","晟德"
469,"2023 第三季","393,032","3,062","晟德"
470,"2023 第四季","539,539","1,804","晟德"
471,"2024 第一季","122,651","7,207","晟德"
472,"2023 第一季","653,397","5,030","富采"
473,"2023 第二季","1,328,784","4,278","富采"
474,"2023 第三季","1,965,479","5,095","富采"
475,"2023 第四季","40,327,707","31,725,403","富采"
476,"2024 第一季","573,847","896","富采"
477,"2023 第一季","7,695,574","5,817,165","日月光投控"
478,"2023 第二季","17,107,741","-747,208","日月光投控"
479,"2023 第三季","28,513,083","7,553,469","日月光投控"
480,"2023 第四季","40,327,707","-28,511","日月光投控"
481,"2024 第一季","7,524,951","9,736,581","日月光投控"
482,"2023 第一季","1,192,174","19,324","神達"
483,"2023 第二季","2,074,725","-5,430,788","神達"
484,"2023 第三季","3,248,654","-2,562,704","神達"
485,"2023 第四季","4,422,103","-62,004","神達"
486,"2024 第一季","1,251,774","-882,729","神達"
487,"2023 第一季","1,941,456","-5,494","大聯大"
488,"2023 第二季","4,407,740","7,533","大聯大"
489,"2023 第三季","7,371,671","4,594,032","大聯大"
490,"2023 第四季","10,394,708","-7,820","大聯大"
491,"2024 第一季","3,252,455","31,789","大聯大"
492,"2023 第一季","289,372","335,546","家登"
493,"2023 第二季","610,568","481,841","家登"
494,"2023 第三季","1,008,079","652,425","家登"
495,"2023 第四季","1,378,570","1,270,071","家登"
496,"2024 第一季","394,908","211,225","家登"
497,"2023 第一季","2,098,831","424,158","貿聯-KY"
498,"2023 第二季","4,127,578","-462,716","貿聯-KY"
499,"2023 第三季","3,372,676","1,809,479","貿聯-KY"
500,"2023 第四季","8,349,633","156,004","貿聯-KY"
501,"2024 第一季","2,171,510","-618,233","貿聯-KY"
502,"2023 第一季","562,243","-98,929","世芯-KY"
503,"2023 第二季","1,383,502","-9,819","世芯-KY"
504,"2023 第三季","2,179,530","-21,475","世芯-KY"
505,"2023 第四季","3,761,272","3,325,170","世芯-KY"
506,"2024 第一季","759,275","-7,072","世芯-KY"
508,"2023 第二季","1,168,472","-6,762","健策"
509,"2023 第三季","1,933,829","-20,807","健策"
510,"2023 第四季","2,676,962","2,303,061","健策"
511,"2024 第一季","657,841","-22,383","健策"
512,"2023 第一季","874,195","-5,452","智易"
513,"2023 第二季","1,381,105","85,318","智易"
514,"2023 第三季","2,207,621","144,326","智易"
515,"2023 第四季","3,164,367","4,649","智易"
516,"2024 第一季","1,102,166","119,129","智易"
517,"2023 第一季","1,073,430","1,274,856","嘉澤"
518,"2023 第二季","-3,544","-376,933","嘉澤"
519,"2023 第三季","-10,772","113,892","嘉澤"
520,"2023 第四季","4,535,113","2,058","嘉澤"
521,"2024 第一季","1,227,292","538,283","嘉澤"
522,"2023 第一季","238,036","883,963","台勝科"
523,"2023 第二季","465,840","1,852,295","台勝科"
524,"2023 第三季","697,088","2,797,588","台勝科"
525,"2023 第四季","949,049","3,448,038","台勝科"
526,"2024 第一季","232,665","376,862","台勝科"
527,"2023 第一季","300,657","307,609","力旺"
528,"2023 第二季","628,522","656,326","力旺"
529,"2023 第三季","998,395","1,062,746","力旺"
530,"2023 第四季","1,357,725","1,884","力旺"
531,"2024 第一季","382,143","423,227","力旺"
532,"2023 第一季","-8,610,432","273,650","群創"
533,"2023 第二季","-13,949,865","-1,910,888","群創"
534,"2023 第三季","-15,534,831","-25,211","群創"
535,"2023 第四季","-18,708,934","-18,642,539","群創"
536,"2024 第一季","-3,171,045","92,837","群創"
537,"2023 第一季","1,102,698","6.94","創意"
538,"2023 第二季","2,040,280","13.17","創意"
539,"2023 第三季","3,142,114","20.73","創意"
540,"2023 第四季","3,968,770","26.18","創意"
541,"2024 第一季","983,364","4.94","創意"
542,"2023 第一季","-16,979","237,349","玉晶光"
543,"2023 第二季","-15,946","349,255","玉晶光"
544,"2023 第三季","2,642,985","1,944,970","玉晶光"
545,"2023 第四季","3,599,822","3,072,720","玉晶光"
546,"2024 第一季","7,556","1,087,503","玉晶光"
547,"2023 第一季","160,628","125,529","新日興"
548,"2023 第二季","391,197","322,964","新日興"
549,"2023 第三季","646,169","623,447","新日興"
550,"2023 第四季","895,940","799,332","新日興"
551,"2024 第一季","254,371","314,861","新日興"
557,"2023 第一季","27,006","-267","先進光"
558,"2023 第二季","105,355","-508","先進光"
559,"2023 第三季","274,563","-803","先進光"
560,"2023 第四季","569,406","388,014","先進光"
561,"2024 第一季","151,584","160,862","先進光"
562,"2023 第一季","367,035","292,241","雙鴻"
563,"2023 第二季","753,795","435,442","雙鴻"
564,"2023 第三季","1,202,592","1,022,051","雙鴻"
565,"2023 第四季","1,628,625","1,256,688","雙鴻"
566,"2024 第一季","442,066","528,345","雙鴻"
567,"2023 第一季","1,474,991","334","鈊象"
568,"2023 第二季","2,960,163","241","鈊象"
569,"2023 第三季","4,529,715","141","鈊象"
570,"2023 第四季","6,081,947","6,463,913","鈊象"
571,"2024 第一季","1,830,858","-138","鈊象"
572,"2023 第一季","824,503","618,353","欣銓"
573,"2023 第二季","1,586,649","1,294,952","欣銓"
574,"2023 第三季","2,594,855","2,146,422","欣銓"
575,"2023 第四季","3,405,287","-5,376","欣銓"
576,"2024 第一季","661,069","546,962","欣銓"
577,"2023 第一季","789,619","16,339","威剛"
578,"2023 第二季","1,706,357","17,285","威剛"
579,"2023 第三季","2,782,062","73,038","威剛"
580,"2023 第四季","3,882,978","10,965","威剛"
581,"2024 第一季","1,546,523","1,059,695","威剛"
582,"2023 第一季","4,723,422","2,106,621","緯創"
583,"2023 第二季","10,058,887","9,304,186","緯創"
584,"2023 第三季","16,855,256","19,381,864","緯創"
585,"2023 第四季","27,390,257","11,471,616","緯創"
586,"2024 第一季","7,059,420","11,315,114","緯創"
587,"2023 第一季","1,275,940","231,102","景碩"
588,"2023 第二季","2,595,418","398,705","景碩"
589,"2023 第三季","4,188,170","706,231","景碩"
590,"2023 第四季","17,540","-98,057","景碩"
591,"2024 第一季","1,568,676","24,501","景碩"
592,"2023 第一季","155,112","92","弘塑"
593,"2023 第二季","355,462","269,559","弘塑"
594,"2023 第三季","529,487","428,166","弘塑"
595,"2023 第四季","792,971","739,016","弘塑"
596,"2024 第一季","214,588","171,908","弘塑"
597,"2023 第一季","920,851","0","穩懋"
598,"2023 第二季","1,882,056","0","穩懋"
599,"2023 第三季","2,731,226","0","穩懋"
600,"2023 第四季","3,524,827","-86,673","穩懋"
601,"2024 第一季","811,103","0","穩懋"
602,"2023 第一季","4,310,507","409","台灣大"
603,"2023 第二季","8,705,986","-20,939","台灣大"
604,"2023 第三季","13,067,974","-3,071","台灣大"
605,"2023 第四季","18,086,412","-4,844","台灣大"
606,"2024 第一季","4,900,799","12,556","台灣大"
607,"2023 第一季","586,823","-256,988","健鼎"
608,"2023 第二季","1,139,543","-709,595","健鼎"
609,"2023 第三季","1,785,251","688,328","健鼎"
610,"2023 第四季","2,476,260","-957,670","健鼎"
611,"2024 第一季","615,412","1,399,123","健鼎"
612,"2023 第一季","213,560","61,839","晶技"
613,"2023 第二季","446,617","-176,623","晶技"
614,"2023 第三季","700,519","-2,513","晶技"
615,"2023 第四季","950,460","-127,850","晶技"
616,"2024 第一季","244,096","312,809","晶技"
617,"2023 第一季","5,944","4,452,972","欣興"
618,"2023 第二季","7,972","5,900,886","欣興"
619,"2023 第三季","15,569","10,181,690","欣興"
620,"2023 第四季","95,685","-455,654","欣興"
621,"2024 第一季","12,639","1,674,934","欣興"
622,"2023 第一季","2,159,728","4,095,454","文曄"
623,"2023 第二季","4,324,432","4,496,926","文曄"
624,"2023 第三季","7,126,691","7,868,132","文曄"
625,"2023 第四季","10,206,341","-116","文曄"
626,"2024 第一季","2,259,098","6,644,743","文曄"
627,"2023 第一季","808,221","-24,118","智原"
628,"2023 第二季","1,658,753","-50,381","智原"
629,"2023 第三季","2,511,555","-63,019","智原"
630,"2023 第四季","3,351,382","583,114","智原"
631,"2024 第一季","883,086","336,649","智原"
632,"2023 第一季","4,416,839","5,375,603","聯詠"
633,"2023 第二季","9,513,332","12,161,375","聯詠"
634,"2023 第三季","20,355,399","0","聯詠"
635,"2023 第四季","26,661,677","23,317,509","聯詠"
636,"2024 第一季","4,893,384","4,881,519","聯詠"
637,"2023 第一季","360,964","1.15","德律"
638,"2023 第二季","698,229","2.02","德律"
639,"2023 第三季","1,056,484","3.06","德律"
640,"2023 第四季","1,422,269","1,001,254","德律"
641,"2024 第一季","409,547","1.93","德律"
642,"2023 第一季","1,082,632","5,979","信邦"
643,"2023 第二季","2,783,625","-220,950","信邦"
644,"2023 第三季","3,901,095","45,943","信邦"
645,"2023 第四季","5,008,867","-4,365","信邦"
646,"2024 第一季","1,174,013","243,578","信邦"
647,"2023 第一季","627,913","57,032","奇鋐"
648,"2023 第二季","23,628","-435,748","奇鋐"
649,"2023 第三季","2,342,622","1,083","奇鋐"
650,"2023 第四季","3,128,895","-429,724","奇鋐"
651,"2024 第一季","976,699","141,454","奇鋐"
652,"2023 第一季","430,777","-60,963","華立"
653,"2023 第二季","1,180,011","-268,076","華立"
654,"2023 第三季","1,878,887","130,697","華立"
655,"2023 第四季","2,501,555","-18,349","華立"
656,"2024 第一季","558,342","385,850","華立"
657,"2023 第一季","4,512,693","-39,097","大立光"
658,"2023 第二季","1,881,754","569,272","大立光"
659,"2023 第三季","3,085,032","1,909,329","大立光"
660,"2023 第四季","5,986,271","2,170,731","大立光"
661,"2024 第一季","1,602,161","7,919,586","大立光"
662,"2023 第一季","773,640","730,789","神基"
663,"2023 第二季","1,697,183","1,777,378","神基"
664,"2023 第三季","2,924,290","3,734,809","神基"
665,"2023 第四季","3,966,563","-51,105","神基"
666,"2024 第一季","0","883,608","神基"
667,"2023 第一季","63,709","1,021,649","鼎固-KY"
668,"2023 第二季","1,980,816","5","鼎固-KY"
669,"2023 第三季","3,556,957","-253","鼎固-KY"
670,"2023 第四季","5,748,493","-352","鼎固-KY"
671,"2024 第一季","101,377","1,524,834","鼎固-KY"
672,"2023 第一季","31,970","7,006,572","潤泰全"
673,"2023 第二季","62,882","8,446,734","潤泰全"
674,"2023 第三季","68,897","-1,222,356","潤泰全"
675,"2023 第四季","65,808","25,780","潤泰全"
676,"2024 第一季","9,545","2,142,281","潤泰全"
677,"2023 第一季","3,442,437","-84,585","統一超"
678,"2023 第二季","6,945,285","439,407","統一超"
679,"2023 第三季","10,847,817","1,412,432","統一超"
680,"2023 第四季","13,750,476","-52,590","統一超"
681,"2024 第一季","3,651,667","1,338,895","統一超"
682,"2023 第一季","1,652,224","788,174","遠百"
683,"2023 第二季","2,981,829","2,574,090","遠百"
684,"2023 第三季","4,107,730","3,050,534","遠百"
685,"2023 第四季","5,500,612","8,253","遠百"
686,"2024 第一季","1,217,295","578,947","遠百"
687,"2023 第一季","-5,980","0","第一金"
688,"2023 第二季","-5,980","4,513,896","第一金"
689,"2023 第三季","-149,879","3,327,599","第一金"
690,"2023 第四季","-409,275","-274,576","第一金"
691,"2024 第一季","0","0","第一金"
692,"2023 第一季","149,596","15","中信金"
693,"2023 第二季","156,098","-8,925","中信金"
694,"2023 第三季","157,553","-8,136","中信金"
695,"2023 第四季","264,106","-126,177","中信金"
696,"2024 第一季","925,634","25","中信金"
697,"2023 第一季","20,747","-2,442","永豐金"
698,"2023 第二季","81,533","-300,200","永豐金"
699,"2023 第三季","-25,023","4,648,482","永豐金"
700,"2023 第四季","1,717,933","-103,173","永豐金"
701,"2024 第一季","31,609","530,336","永豐金"
702,"2023 第一季","-52,131","43,741","國票金"
703,"2023 第二季","-101,436","55,633","國票金"
704,"2023 第三季","-150,298","73,595","國票金"
705,"2023 第四季","-206,675","-22,625","國票金"
706,"2024 第一季","-53,595","-33,667","國票金"
707,"2023 第一季","3,857","116,236","新光金"
708,"2023 第二季","-793,087","144,725","新光金"
709,"2023 第三季","-2,431,574","1,015,849","新光金"
710,"2023 第四季","-3,555,020","-78,261","新光金"
711,"2024 第一季","-646,551","134,598","新光金"
712,"2023 第一季","63,982","-61,058","台新金"
713,"2023 第二季","2,305,084","-98,619","台新金"
714,"2023 第三季","5,109,774","-82,218","台新金"
715,"2023 第四季","750,774","1,081,360","台新金"
716,"2024 第一季","2,106,949","-66,141","台新金"
717,"2023 第一季","2","1,797,056","兆豐金"
718,"2023 第二季","2","6,428,353","兆豐金"
719,"2023 第三季","2","8,335,185","兆豐金"
720,"2023 第四季","2","-1,244,307","兆豐金"
721,"2024 第一季","11,324","5,648,611","兆豐金"
722,"2023 第一季","-8,289","-192,580","元大金"
723,"2023 第二季","-127,693","-93,982","元大金"
724,"2023 第三季","-757,114","-21,682","元大金"
725,"2023 第四季","-690,387","-700,604","元大金"
726,"2024 第一季","-60,896","-251,547","元大金"
727,"2023 第一季","30,000","160,631","玉山金"
728,"2023 第二季","72,755","154,390","玉山金"
729,"2023 第三季","107,009","182,250","玉山金"
730,"2023 第四季","196,628","4,092,690","玉山金"
731,"2024 第一季","41,905","236,160","玉山金"
732,"2023 第一季","-9,350,657","244,479","開發金"
733,"2023 第二季","11,538,353","202,363","開發金"
734,"2023 第三季","721,844","-83,919","開發金"
735,"2023 第四季","270,947","-101,514","開發金"
736,"2024 第一季","-71,106","2,041,657","開發金"
737,"2023 第一季","2,027,063","-2,723","國泰金"
738,"2023 第二季","2,961,786","-2,723","國泰金"
739,"2023 第三季","3,232,399","-2,723","國泰金"
740,"2023 第四季","2,987,655","126,200","國泰金"
741,"2024 第一季","156,283","37,562,429","國泰金"
742,"2023 第一季","145,464","190","富邦金"
743,"2023 第二季","154,297","1,913","富邦金"
744,"2023 第三季","-389,137","-4,279","富邦金"
745,"2023 第四季","-592,811","-430,379","富邦金"
746,"2024 第一季","-238,423","-599","富邦金"
747,"2023 第一季","-2,365","-387,453","華南金"
748,"2023 第二季","-2,365","1,604,391","華南金"
749,"2023 第三季","-2,365","1,536,651","華南金"
750,"2023 第四季","-2,365","-200,616","華南金"
751,"2024 第一季","-6,141","3,680,616","華南金"
752,"2023 第一季","5,369,932","7,289","三商壽"
753,"2023 第二季","-5,401,180","15,640","三商壽"
754,"2023 第三季","-25,523,946","23,222","三商壽"
755,"2023 第四季","-946,716","30,878","三商壽"
756,"2024 第一季","-14,230,810","7,007","三商壽"
757,"2023 第一季","-144,678","77,233","統一證"
758,"2023 第二季","-39,224","154,382","統一證"
759,"2023 第三季","-72,144","2,378,679","統一證"
760,"2023 第四季","-60,644","3,149,201","統一證"
761,"2024 第一季","-326,102","1,206,377","統一證"
762,"2023 第一季","62,830","1,055","遠東銀"
763,"2023 第二季","127,995","-6,165","遠東銀"
764,"2023 第三季","391,498","179","遠東銀"
765,"2023 第四季","475,688","169,434","遠東銀"
766,"2024 第一季","85,946","3,760","遠東銀"
767,"2023 第一季","-13,757","-32,015","聯邦銀"
768,"2023 第二季","-18,157","9,031","聯邦銀"
769,"2023 第三季","-24,483","123,123","聯邦銀"
772,"2023 第一季","-7,935","-186,371","臺企銀"
773,"2023 第二季","-12,093","662,829","臺企銀"
774,"2023 第三季","-13,269","0","臺企銀"
775,"2023 第四季","-15,335","4,367,193","臺企銀"
776,"2024 第一季","-4,176","-999,879","臺企銀"
777,"2023 第一季","-495","370,094","台中銀"
778,"2023 第二季","14","308,954","台中銀"
779,"2023 第三季","-466","-81,801","台中銀"
780,"2023 第四季","-1,373","-53,275","台中銀"
781,"2024 第一季","-378","-252,699","台中銀"
782,"2023 第一季","74,509","2,064,194","京城銀"
783,"2023 第二季","105,882","0","京城銀"
784,"2023 第三季","128,978","-3,795","京城銀"
785,"2023 第四季","168,186","3,284,387","京城銀"
786,"2024 第一季","32,201","119,435","京城銀"
787,"2023 第一季","908","-1,765","彰銀"
788,"2023 第二季","-2,707","-513","彰銀"
789,"2023 第三季","-11,234","6,114","彰銀"
790,"2023 第四季","-12,980","2,998,516","彰銀"
791,"2024 第一季","-61,331","-1,428","彰銀"
792,"2023 第一季","356,558","0.83","長榮航太"
795,"2023 第四季","1,918,246","1,760,995","長榮航太"
797,"2023 第一季","66,278","-0.18","慧洋-KY"
798,"2023 第二季","123,342","1.87","慧洋-KY"
799,"2023 第三季","157,373","2.46","慧洋-KY"
800,"2023 第四季","213,692","3,270,134","慧洋-KY"
801,"2024 第一季","49,318","1.99","慧洋-KY"
802,"2023 第一季","285,487","543,667","漢翔"
803,"2023 第二季","628,518","1,297,389","漢翔"
804,"2023 第三季","1,015,469","1,957,049","漢翔"
805,"2023 第四季","1,567,285","2,276,886","漢翔"
806,"2024 第一季","318,910","804,157","漢翔"
812,"2023 第一季","-74,534","5,309,709","長榮航"
813,"2023 第二季","309,970","10,966,391","長榮航"
814,"2023 第三季","577,719","15,612,367","長榮航"
815,"2023 第四季","-53,989","285,517","長榮航"
817,"2023 第一季","43,166","-3,564,080","萬海"
818,"2023 第二季","237,552","-2,041,107","萬海"
820,"2023 第四季","-6,302,558","-7,893","萬海"
821,"2024 第一季","2,229,209","7,122,299","萬海"
822,"2023 第一季","31,070","1,305,854","華航"
823,"2023 第二季","-492,846","4,600,281","華航"
824,"2023 第三季","107,521","6,897,568","華航"
825,"2023 第四季","-866,936","-902,960","華航"
826,"2024 第一季","378,783","3,099,290","華航"
827,"2023 第一季","8,933","119,234","陽明"
828,"2023 第二季","120,368","-208,682","陽明"
829,"2023 第三季","180,331","-597,462","陽明"
830,"2023 第四季","203,389","396,833","陽明"
831,"2024 第一季","91,419","-469,349","陽明"
832,"2023 第一季","502,227","508,283","榮運"
833,"2023 第二季","1,084,080","2,325,952","榮運"
834,"2023 第三季","1,847,786","3,292,121","榮運"
835,"2023 第四季","2,606,584","626,641","榮運"
836,"2024 第一季","588,757","1,626,481","榮運"
837,"2023 第一季","468,200","-410,348","裕民"
838,"2023 第二季","1,394,640","703,413","裕民"
839,"2023 第三季","2,204,449","2,572,710","裕民"
840,"2023 第四季","3,382,110","-3,042","裕民"
841,"2024 第一季","1,052,311","2,162,423","裕民"
842,"2023 第一季","6,298","-3,738,254","長榮"
843,"2023 第二季","-290","4,137,389","長榮"
845,"2023 第四季","10,342","839,674","長榮"
846,"2024 第一季","19,120","15,021,877","長榮"
847,"2023 第一季","236,999","-306,744","潤弘"
849,"2023 第三季","758,026","754,065","潤弘"
850,"2023 第四季","1,008,654","135,824","潤弘"
851,"2024 第一季","269,955","104,678","潤弘"
853,"2023 第二季","41,746","-7,371","華固"
854,"2023 第三季","58,956","-4,132","華固"
855,"2023 第四季","84,093","3,581,783","華固"
856,"2024 第一季","15,367","-218","華固"
857,"2023 第一季","2,775","1,030,385","興富發"
858,"2023 第二季","79,318","1,567,653","興富發"
859,"2023 第三季","86,907","2,460,840","興富發"
860,"2023 第四季","178,089","6,397,567","興富發"
861,"2024 第一季","9,984","593,684","興富發"
868,"2023 第二季","891,834","0.6","櫻花建"
869,"2023 第三季","1,852,899","1.21","櫻花建"
870,"2023 第四季","3,830,484","2.24","櫻花建"
871,"2024 第一季","694,231","401,283","櫻花建"
872,"2023 第一季","809","-0.01","華建"
873,"2023 第二季","5,977","-0.03","華建"
874,"2023 第三季","6,487","-0.06","華建"
875,"2023 第四季","11,330","0.61","華建"
876,"2024 第一季","86","0.23","華建"
878,"2023 第二季","350,544","24,057","國產"
879,"2023 第三季","521,504","176,135","國產"
880,"2023 第四季","949,365","10,311","國產"
881,"2024 第一季","232,113","825,943","國產"
882,"2023 第一季","8,289","55,081","國建"
883,"2023 第二季","25,373","23,205","國建"
884,"2023 第三季","32,308","39,592","國建"
885,"2023 第四季","48,290","2,433,221","國建"
890,"2023 第四季","-4,294,681","-2,889,624","宏達電"
892,"2023 第一季","109,937","-73,356","華新科"
893,"2023 第二季","484,984","-689,839","華新科"
894,"2023 第三季","1,093,867","533,738","華新科"
895,"2023 第四季","1,795,311","-115,783","華新科"
897,"2023 第一季","-15,725","1,424,518","可成"
898,"2023 第二季","1,731,327","1,698,515","可成"
899,"2023 第三季","2,542,035","227,838","可成"
901,"2024 第一季","288,128","8,554,780","可成"
902,"2023 第一季","532,492","-517","義隆"
905,"2023 第四季","2,148,773","-1,162","義隆"
906,"2024 第一季","616,929","52","義隆"
907,"2023 第一季","31,543,480","24,079","聯發科"
908,"2023 第二季","63,438,992","-358,122","聯發科"
909,"2023 第三季","97,686,868","-383,132","聯發科"
910,"2023 第四季","135,567,532","15,216","聯發科"
911,"2024 第一季","37,720,666","-135,530","聯發科"
912,"2023 第一季","299,430","60,499","創見"
913,"2023 第二季","586,678","92,778","創見"
914,"2023 第三季","866,232","65,097","創見"
915,"2023 第四季","1,154,959","-36,833","創見"
916,"2024 第一季","597,229","933,686","創見"
917,"2023 第一季","903,025","706,179","京元電子"
918,"2023 第二季","1,864,099","548,953","京元電子"
920,"2023 第四季","3,778,263","-188,633","京元電子"
921,"2024 第一季","968,717","686,238","京元電子"
922,"2023 第一季","54,288","-111","超豐"
923,"2023 第二季","116,869","-186","超豐"
924,"2023 第三季","182,704","-344","超豐"
925,"2023 第四季","247,563","2,728,890","超豐"
926,"2024 第一季","66,001","-106","超豐"
927,"2023 第一季","8,407,281","-820","中華電"
928,"2023 第二季","16,535,692","2,120","中華電"
929,"2023 第三季","24,886,924","6,254","中華電"
930,"2023 第四季","34,443,940","738,355","中華電"
931,"2024 第一季","8,567,479","25,632","中華電"
933,"2023 第二季","2,522,136","738,363","友達"
934,"2023 第三季","3,816,201","342,324","友達"
935,"2023 第四季","5,019,739","1,725","友達"
936,"2024 第一季","1,451,751","-292,456","友達"
937,"2023 第一季","-2,885,363","-2,056,859","南亞科"
938,"2023 第二季","-6,069,894","-1,724,932","南亞科"
939,"2023 第三季","-10,409,935","-2,350,348","南亞科"
940,"2023 第四季","-14,460,191","1,883","南亞科"
941,"2024 第一季","-2,918,268","-1,208,488","南亞科"
942,"2023 第一季","1,810,258","-136,903","漢唐"
944,"2023 第三季","5,559,110","86,317","漢唐"
946,"2024 第一季","1,532,998","-19,811","漢唐"
947,"2023 第一季","3,409,478","-22,353","研華"
948,"2023 第二季","6,994,023","-12,478","研華"
949,"2023 第三季","10,504,990","89,255","研華"
950,"2023 第四季","14,033,564","-5,580","研華"
951,"2024 第一季","3,630,209","440,761","研華"
953,"2023 第二季","4,023,451","-714,666","正崴"
954,"2023 第三季","6,448,794","161,925","正崴"
955,"2023 第四季","8,793,890","-816,097","正崴"
956,"2024 第一季","2,090,012","736,107","正崴"
958,"2023 第二季","1,641,634","106,510","威盛"
959,"2023 第三季","2,405,218","636,628","威盛"
960,"2023 第四季","3,220,963","-108,165","威盛"
962,"2023 第一季","2,056,579","1,842,197","群光"
963,"2023 第二季","4,563,296","3,481,385","群光"
964,"2023 第三季","7,109,078","7,510,567","群光"
965,"2023 第四季","9,619,308","139,749","群光"
966,"2024 第一季","2,328,760","3,265,995","群光"
967,"2023 第一季","802,888","0","台光電"
968,"2023 第二季","1,708,744","0","台光電"
969,"2023 第三季","2,786,531","0","台光電"
970,"2023 第四季","3,986,724","5,176,656","台光電"
972,"2023 第一季","5,223,649","449,086","廣達"
973,"2023 第二季","10,543,996","2,593,178","廣達"
974,"2023 第三季","16,638,421","6,194,464","廣達"
975,"2023 第四季","23,293,587","-407","廣達"
976,"2024 第一季","5,362,553","5,440,114","廣達"
978,"2023 第二季","15,924,936","4,400,380","瑞昱"
979,"2023 第三季","25,144,797","6,972,304","瑞昱"
980,"2023 第四季","34,093,065","9,152,772","瑞昱"
981,"2024 第一季","10,281,336","3,129,508","瑞昱"
983,"2023 第二季","6,549,308","4,443,615","微星"
984,"2023 第三季","10,115,146","6,793,311","微星"
985,"2023 第四季","14,035,622","7,357,386","微星"
986,"2024 第一季","3,810,529","2.95","微星"
987,"2023 第一季","2,265,821","1,024,712","技嘉"
988,"2023 第二季","4,373,015","1,914,238","技嘉"
989,"2023 第三季","8,168,081","3,393,030","技嘉"
990,"2023 第四季","11,680,266","120,095","技嘉"
991,"2024 第一季","3,155,986","2,023,776","技嘉"
993,"2023 第二季","1,516,517","1,005,213","大同"
995,"2023 第四季","2,993,182","-49,127","大同"
996,"2024 第一季","715,032","1,241","大同"
997,"2023 第一季","180,861","430,336","金像電"
998,"2023 第二季","407,272","-165,430","金像電"
999,"2023 第三季","635,749","121,410","金像電"
1000,"2023 第四季","-44,485","-165,579","金像電"
1002,"2023 第一季","96,940","-88,916","矽統"
1003,"2023 第二季","254,318","774,043","矽統"
1004,"2023 第三季","385,015","684,321","矽統"
1005,"2023 第四季","507,842","477","矽統"
1006,"2024 第一季","111,065","-210,824","矽統"
1008,"2023 第二季","1,427,683","604,657","藍天"
1009,"2023 第三季","2,272,992","852,162","藍天"
1010,"2023 第四季","3,151,809","-792,838","藍天"
1011,"2024 第一季","736,268","830,492","藍天"
1012,"2023 第一季","437,469","-28,247","致茂"
1013,"2023 第二季","870,410","51,278","致茂"
1014,"2023 第三季","1,306,813","192,353","致茂"
1016,"2024 第一季","-7,714","324,778","致茂"
1017,"2023 第一季","13,841,571","-140,941","華碩"
1019,"2023 第三季","43,970,381","612,055","華碩"
1020,"2023 第四季","61,240,708","26,153","華碩"
1021,"2024 第一季","14,683,917","946,358","華碩"
1022,"2023 第一季","4,637,062","0","英業達"
1024,"2023 第三季","14,109,835","0","英業達"
1025,"2023 第四季","18,874,919","-5,500","英業達"
1027,"2023 第一季","332,328","765,218","鴻準"
1028,"2023 第二季","2,058,333","-864,167","鴻準"
1029,"2023 第三季","3,096,235","3,451,151","鴻準"
1030,"2023 第四季","4,258,374","-884,684","鴻準"
1032,"2023 第一季","14,026","-218,085","宏碁"
1033,"2023 第二季","25,863","689","宏碁"
1035,"2023 第四季","60,032","-568","宏碁"
1036,"2024 第一季","13,255","2,105,048","宏碁"
1037,"2023 第一季","6,645,247","-15,793","佳世達"
1038,"2023 第二季","13,698,776","-3,047","佳世達"
1039,"2023 第三季","20,725,779","127,190","佳世達"
1040,"2023 第四季","28,064,731","-76,241","佳世達"
1041,"2024 第一季","6,583,389","117,776","佳世達"
1042,"2023 第一季","2,065,473","850,540","聯強"
1044,"2023 第三季","6,008,949","4,113,477","聯強"
1045,"2023 第四季","8,634,314","-1,260,312","聯強"
1046,"2024 第一季","2,334,328","2,196,482","聯強"
1047,"2023 第一季","834,895","69,302","智邦"
1048,"2023 第二季","1,725,566","-18,501","智邦"
1049,"2023 第三季","2,766,504","225,829","智邦"
1050,"2023 第四季","3,780,598","-94,147","智邦"
1051,"2024 第一季","969,134","2,880,345","智邦"
1052,"2023 第一季","5,960,844","1,175,956","華邦電"
1054,"2023 第三季","18,142,249","-2,650,064","華邦電"
1055,"2023 第四季","24,025,958","-621,874","華邦電"
1056,"2024 第一季","5,748,366","-1,146,809","華邦電"
1057,"2023 第一季","-439,052","-2,705","旺宏"
1058,"2023 第二季","-605,543","219,916","旺宏"
1059,"2023 第三季","6,907,583","52","旺宏"
1060,"2023 第四季","9,167,759","-1,699,593","旺宏"
1061,"2024 第一季","-1,301,646","-522,085","旺宏"
1062,"2023 第一季","47,109","1,351,881","台積電"
1063,"2023 第二季","-135","401,176","台積電"
1064,"2023 第三季","131,095","-1,455,025","台積電"
1065,"2023 第四季","188,694","-14,464,353","台積電"
1066,"2024 第一季","-129,682","-558,289","台積電"
1067,"2023 第一季","101,004","216,943","華泰"
1069,"2023 第三季","1","35,447","華泰"
1070,"2023 第四季","1","11,374","華泰"
1071,"2024 第一季","518,217","499,349","華泰"
1072,"2023 第一季","5,383","-21,916","國巨"
1073,"2023 第二季","3,645","-16,060","國巨"
1074,"2023 第三季","1,700","6,024","國巨"
1075,"2023 第四季","5,264","-103,803","國巨"
1076,"2024 第一季","1,993","0","國巨"
1077,"2023 第一季","2,254,027","35,914","仁寶"
1078,"2023 第二季","5,014,438","-149,811","仁寶"
1079,"2023 第三季","8,662,511","96,653","仁寶"
1080,"2023 第四季","12,047,711","-103,664","仁寶"
1082,"2023 第一季","40,523,025","-14,975","鴻海"
1084,"2023 第三季","117,598,322","-37,462","鴻海"
1085,"2023 第四季","166,528,495","-3,218,901","鴻海"
1086,"2024 第一季","36,750,532","0","鴻海"
1088,"2023 第二季","2,264,025","467,185","華通"
1090,"2023 第四季","4,908,018","-414,778","華通"
1091,"2024 第一季","1,259,417","894,984","華通"
1092,"2023 第一季","17,161,116","-55,278","台達電"
1093,"2023 第二季","36,249,237","-56,399","台達電"
1094,"2023 第三季","56,221,884","-2,307","台達電"
1095,"2023 第四季","76,263,191","-2,307","台達電"
1096,"2024 第一季","19,553,862","402,675","台達電"
1097,"2023 第一季","5,780,532","6,968","聯電"
1098,"2023 第二季","11,498,689","-78,908","聯電"
1099,"2023 第三季","17,220,388","169,593","聯電"
1100,"2023 第四季","23,855,503","-2,386,278","聯電"
1101,"2024 第一季","5,747,882","237,993","聯電"
1102,"2023 第一季","6,421,802","441","光寶科"
1103,"2023 第二季","15,100,030","264","光寶科"
1105,"2023 第四季","32,668,082","77,852","光寶科"
1106,"2024 第一季","5,847,337","1,401","光寶科"
1110,"2023 第四季","-2,380,559","-1,928,493","鴻華先進-創"
1112,"2023 第一季","131,035","66,770","裕日車"
1113,"2023 第二季","275,014","-369,680","裕日車"
1114,"2023 第三季","415,486","245,228","裕日車"
1115,"2023 第四季","1,856,700","-3,502","裕日車"
1116,"2024 第一季","142,629","639,675","裕日車"
1118,"2023 第二季","1,730,280","302,427","長榮鋼"
1119,"2023 第三季","2,729,776","496,870","長榮鋼"
1120,"2023 第四季","3,335,154","1,100,558","長榮鋼"
1121,"2024 第一季","685,388","109,677","長榮鋼"
1122,"2023 第一季","811,293","502,856","和泰車"
1123,"2023 第二季","1,072,880","0","和泰車"
1124,"2023 第三季","1,904,833","11,173,422","和泰車"
1125,"2023 第四季","2,354,421","195,695,955","和泰車"
1126,"2024 第一季","325,140","512,516","和泰車"
1127,"2023 第一季","1,545,386","0","三陽工業"
1128,"2023 第二季","3,408,500","0","三陽工業"
1129,"2023 第三季","5,341,752","0","三陽工業"
1130,"2023 第四季","7,299,343","-762","三陽工業"
1131,"2024 第一季","1,692,743","0","三陽工業"
1132,"2023 第一季","1,490,789","7,847","中華"
1133,"2023 第二季","2,970,959","-85,454","中華"
1134,"2023 第三季","4,441,948","-33,592","中華"
1135,"2023 第四季","6,055,624","-150,544","中華"
1136,"2024 第一季","1,911,722","105,631","中華"
1137,"2023 第一季","1,203,853","596,553","裕隆"
1138,"2023 第二季","2,695,885","1,205,530","裕隆"
1139,"2023 第三季","4,145,702","1,805,487","裕隆"
1140,"2023 第四季","5,752,953","2,297,646","裕隆"
1141,"2024 第一季","1,566,056","458,494","裕隆"
1142,"2023 第一季","3,137,071","1,870,551","正新"
1144,"2023 第三季","9,797,830","5,945,758","正新"
1145,"2023 第四季","13,030,879","-263,913","正新"
1146,"2024 第一季","3,212,632","3,387,394","正新"
1147,"2023 第一季","19,966","32,529","南港"
1148,"2023 第二季","37,952","-82,656","南港"
1150,"2023 第四季","77,711","-88,020","南港"
1151,"2024 第一季","19,946","194,718","南港"
1152,"2023 第一季","-12,364","4.8","川湖"
1153,"2023 第二季","307,107","12.3","川湖"
1154,"2023 第三季","464,942","22.61","川湖"
1155,"2023 第四季","-15,083","2,703,783","川湖"
1156,"2024 第一季","-2,919","14.55","川湖"
1157,"2023 第一季","222,208","245,414","上銀"
1158,"2023 第二季","1,528,195","1,070,817","上銀"
1159,"2023 第三季","2,472,195","1,702,094","上銀"
1160,"2023 第四季","2,650,950","157,015","上銀"
1161,"2024 第一季","1,188,973","573,779","上銀"
1163,"2023 第二季","-907","425,889","大成鋼"
1164,"2023 第三季","-1,891","451,807","大成鋼"
1165,"2023 第四季","-15,415","161,330","大成鋼"
1166,"2024 第一季","-2,211","2,807,869","大成鋼"
1167,"2023 第一季","10,550","191,055","豐興"
1168,"2023 第二季","21,182","166,937","豐興"
1169,"2023 第三季","31,953","7,173","豐興"
1170,"2023 第四季","43,170","103,330","豐興"
1171,"2024 第一季","12,283","-37,951","豐興"
1172,"2023 第一季","1,462,566","1,218,111","東和鋼鐵"
1173,"2023 第二季","2,863,782","2,407,279","東和鋼鐵"
1174,"2023 第三季","4,320,644","87,232","東和鋼鐵"
1175,"2023 第四季","5,998,700","-122,960","東和鋼鐵"
1176,"2024 第一季","1,405,941","111,325","東和鋼鐵"
1177,"2023 第一季","3,414,249","-588","中鋼"
1179,"2023 第三季","9,968,803","1,630","中鋼"
1180,"2023 第四季","13,186,803","-121,107","中鋼"
1181,"2024 第一季","3,338,317","2,410","中鋼"
1182,"2023 第一季","2,145,775","-367,538","永豐餘"
1183,"2023 第二季","4,404,210","648,057","永豐餘"
1184,"2023 第三季","6,882,976","407,899","永豐餘"
1185,"2023 第四季","10,083,296","447,034","永豐餘"
1186,"2024 第一季","2,699,714","2,858,014","永豐餘"
1187,"2023 第一季","257,866","866,977","潤隆"
1188,"2023 第二季","596,503","2,243,128","潤隆"
1190,"2023 第四季","1,447,617","7,756,659","潤隆"
1191,"2024 第一季","105,218","338,500","潤隆"
1192,"2023 第一季","1,186,722","219,233","台玻"
1193,"2023 第二季","2,372,500","-924,046","台玻"
1194,"2023 第三季","3,672,923","843,836","台玻"
1196,"2024 第一季","1,138,310","291,316","台玻"
1197,"2023 第一季","1,043,605","1,193,923","美時"
1198,"2023 第二季","2,035,810","2,450,876","美時"
1200,"2023 第四季","4,480,870","4,264,881","美時"
1201,"2024 第一季","1,047,913","1,036,296","美時"
1203,"2023 第二季","631,549","-27,197","勝一"
1205,"2023 第四季","-1,143","-9,904","勝一"
1206,"2024 第一季","411,395","15,980","勝一"
1208,"2023 第二季","9,464,597","897,307","台肥"
1209,"2023 第三季","705,561","3,709,285","台肥"
1210,"2023 第四季","9,713,108","1,594,812","台肥"
1211,"2024 第一季","2,928,882","253,332","台肥"
1212,"2023 第一季","1,465,763","106,097","長興"
1213,"2023 第二季","3,077,315","-761,458","長興"
1214,"2023 第三季","4,627,955","478,436","長興"
1215,"2023 第四季","6,232,499","-591,376","長興"
1216,"2024 第一季","1,554,431","65,300","長興"
1217,"2023 第一季","10,562","59,134","大亞"
1218,"2023 第二季","20,188","126,675","大亞"
1219,"2023 第三季","29,061","181,187","大亞"
1221,"2024 第一季","21,918","167,207","大亞"
1222,"2023 第一季","2,738,411","-138,585","華新"
1223,"2023 第二季","4,403,493","-384,906","華新"
1224,"2023 第三季","6,125,328","2,703,124","華新"
1225,"2023 第四季","6,240,766","-821,116","華新"
1226,"2024 第一季","486,942","3,124,684","華新"
1227,"2023 第一季","189,107","1,622,682","亞德客-KY"
1228,"2023 第二季","392,675","3,326,820","亞德客-KY"
1230,"2023 第四季","895,969","6,965,808","亞德客-KY"
1231,"2024 第一季","247,589","1,829,263","亞德客-KY"
1233,"2023 第二季","-447","-23,929","中砂"
1234,"2023 第三季","-323","-59,761","中砂"
1235,"2023 第四季","-524","10,040","中砂"
1236,"2024 第一季","86","-18,028","中砂"
1237,"2023 第一季","80,706","202,854","華城"
1238,"2023 第二季","1,348,506","15,227","華城"
1239,"2023 第三季","2,546,779","-25,508","華城"
1240,"2023 第四季","4,334,019","-16,185","華城"
1241,"2024 第一季","1,041,852","8,393","華城"
1242,"2023 第一季","29,878","-16,522","亞力"
1243,"2023 第二季","61,735","7,723","亞力"
1245,"2023 第四季","123,520","-131,856","亞力"
1246,"2024 第一季","30,235","45,421","亞力"
1247,"2023 第一季","553,189","1,454,306","中興電"
1248,"2023 第二季","742,803","1,769,758","中興電"
1249,"2023 第三季","1,644,547","1,823,884","中興電"
1250,"2023 第四季","2,032,422","1,220,975","中興電"
1251,"2024 第一季","587,326","2,773,207","中興電"
1252,"2023 第一季","265,758","-45,336","東元"
1253,"2023 第二季","547,941","1,140,377","東元"
1254,"2023 第三季","817,843","-3,463,881","東元"
1255,"2023 第四季","1,133,493","-2,657,964","東元"
1256,"2024 第一季","244,145","875,698","東元"
1257,"2023 第一季","813,388","1,095,651","士電"
1258,"2023 第二季","1,554,331","1,882,076","士電"
1259,"2023 第三季","2,004,441","2,752,626","士電"
1261,"2024 第一季","612,453","1,541,470","士電"
1262,"2023 第一季","1,217,024","5,186","聚陽"
1263,"2023 第二季","2,207,572","26,354","聚陽"
1264,"2023 第三季","3,679,358","34,466","聚陽"
1265,"2023 第四季","4,839,688","3,991,194","聚陽"
1266,"2024 第一季","1,351,635","5,794","聚陽"
1267,"2023 第一季","1,127,858","3.01","儒鴻"
1268,"2023 第二季","2,787,986","8.09","儒鴻"
1269,"2023 第三季","4,608,226","13.77","儒鴻"
1270,"2023 第四季","6,548,850","5,176,467","儒鴻"
1271,"2024 第一季","1,476,484","5.19","儒鴻"
1272,"2023 第一季","38,694","81,603","福懋"
1273,"2023 第二季","84,010","547,746","福懋"
1274,"2023 第三季","119,443","597,856","福懋"
1275,"2023 第四季","280,636","665,729","福懋"
1276,"2024 第一季","24,249","179,316","福懋"
1277,"2023 第一季","1,655","202,040","遠東新"
1278,"2023 第二季","82,619,811","414,648","遠東新"
1279,"2023 第三季","125,576,292","554,842","遠東新"
1280,"2023 第四季","168,089,093","740,275","遠東新"
1281,"2024 第一季","2,978","1,264,574","遠東新"
1282,"2023 第一季","212,935","13,554,750","台化"
1283,"2023 第二季","462,332","8,943,874","台化"
1284,"2023 第三季","652,318","14,069,520","台化"
1285,"2023 第四季","925,014","10,367,021","台化"
1286,"2024 第一季","198,814","-8,369,723","台化"
1287,"2023 第一季","768,795","490,406","東陽"
1288,"2023 第二季","1,583,452","1,248,353","東陽"
1289,"2023 第三季","2,423,333","2,222,663","東陽"
1290,"2023 第四季","3,389,282","-53,557","東陽"
1291,"2024 第一季","877,030","1,172,110","東陽"
1292,"2023 第一季","357,594","19,288","中石化"
1293,"2023 第二季","925,639","359,938","中石化"
1294,"2023 第三季","1,438,938","640,968","中石化"
1295,"2023 第四季","1,962,399","-205,314","中石化"
1296,"2024 第一季","488,855","329,216","中石化"
1297,"2023 第一季","4,226,154","0","南亞"
1298,"2023 第二季","9,778","5,567","南亞"
1299,"2023 第三季","13,329,235","0","南亞"
1300,"2023 第四季","17,242,451","7,919","南亞"
1301,"2024 第一季","4,259,637","8,743,289","南亞"
1302,"2023 第一季","3,449,803","-1,444,085","台塑"
1303,"2023 第二季","6,851,800","-301,874","台塑"
1304,"2023 第三季","10,339,854","5,805,896","台塑"
1305,"2023 第四季","13,854,977","-677,897","台塑"
1306,"2024 第一季","3,278,377","6,216,780","台塑"
1307,"2023 第一季","309,622","1,150,163","聯華"
1308,"2023 第二季","631,253","1,954,463","聯華"
1309,"2023 第三季","974,201","5,876,108","聯華"
1310,"2023 第四季","1,319,064","-80,507","聯華"
1311,"2024 第一季","325,238","5,370,610","聯華"
1312,"2023 第一季","38,685","33,435","佳格"
1313,"2023 第二季","85,482","-132,233","佳格"
1315,"2023 第四季","184,427","-21,719","佳格"
1316,"2024 第一季","47,019","249,627","佳格"
1317,"2023 第一季","35,902,284","68,552","統一"
1318,"2023 第二季","73,669,643","-5,547","統一"
1319,"2023 第三季","117,572,574","-34,211","統一"
1320,"2023 第四季","159,172,864","21,025","統一"
1321,"2024 第一季","43,033,510","-30,256","統一"
1322,"2023 第一季","2,142,769","761,814","大成"
1323,"2023 第二季","4,297,300","1,836,687","大成"
1324,"2023 第三季","6,442,070","3,115,566","大成"
1325,"2023 第四季","8,940,447","-347,085","大成"
1326,"2024 第一季","2,339,525","845,999","大成"
1327,"2023 第一季","299,315","2,687,792","亞泥"
1328,"2023 第二季","623,254","6,851,572","亞泥"
1329,"2023 第三季","953,904","9,557,190","亞泥"
1330,"2023 第四季","1,352,509","13,781,281","亞泥"
1331,"2024 第一季","330,259","2,948,055","亞泥"
1332,"2023 第一季","166,067","2,506,413","台泥"
1333,"2023 第二季","3,534,315","1,142,361","台泥"
1334,"2023 第三季","6,596,656","10,430,034","台泥"
1335,"2023 第四季","10,030,160","-840,826","台泥"
1347,"2023 第一季","926,905","749,359","豐泰"
1348,"2023 第三季","4,289,148","3,635,293","豐泰"
1349,"2023 第四季","2,677,760","-10,923","豐泰"
1350,"2023 第一季","13,409,549","-1,066,132","寶成"
1351,"2023 第二季","26,614,679","505,874","寶成"
1352,"2023 第三季","39,054,909","3,908,496","寶成"
1353,"2023 第四季","50,895,402","4,603,829","寶成"
1354,"2023 第一季","626,476","7","東哥遊艇"
1355,"2023 第二季","1,169,915","12.68","東哥遊艇"
1356,"2023 第三季","1,646,569","17.52","東哥遊艇"
1357,"2024 第一季","535,899","6.08","東哥遊艇"
1358,"2023 第三季","1,597","-11,518","富邦媒"
1359,"2024 第一季","289","11,651","富邦媒"
1360,"2023 第季","485","746,364","大國鋼"
1361,"2023 第二季","57","235,753","大國鋼"
1362,"2023 第四季","1,741","1,068","大國鋼"
1363,"2023 第二季","3,983,742","76,645","群聯"
1364,"2023 第三季","6,879,502","52,332","群聯"
1365,"2024 第一季","2,687,318","1,497,869","台泥"
1366,"2023 第三季","766,523","-95,537","佳格"
1367,"2023 第四季","199,808","43,762","士電"
1368,"2023 第三季","137,657","-968","亞力"
1369,"2023 第一季","29,162","1,798","中砂"
1370,"2023 第三季","2,150,962","-3","亞德客-KY"
1371,"2023 第四季","1,548,845","-10,981","大亞"
1372,"2023 第一季","240,131","124,635","台肥"
1373,"2023 第三季","9,326,850","44,759","潤隆"
1374,"2023 第一季","1,871,059","1,128,799","億豐"
1375,"2023 第二季","3,893,536","2,483,212","億豐"
1376,"2023 第三季","5,964,057","4,069,198","億豐"
1377,"2023 第四季","7,961,779","225,971","億豐"
1378,"2024 第一季","1,874,785","1,429,034","億豐"
1379,"2023 第一季","1,118","86,573","富世達"
1380,"2023 第三季","7,672","459,582","富世達"
1381,"2023 第一季","1,882,035","186,446","力積電"
1382,"2023 第二季","4,227,906","802,276","力積電"
1383,"2023 第三季","6,748,726","469,049","力積電"
1384,"2024 第一季","2,824,617","-439,771","力積電"
1385,"2023 第一季","479,367","393,956","洋基工程"
1386,"2024 第一季","450,246","402,661","洋基工程"
1387,"2023 第一季","598","448,477","帝寶"
1388,"2023 第二季","5,412,173","-30,327","和潤企業"
1389,"2023 第四季","-1,847,047","-1,576,694","北極星藥業-KY"
1390,"2023 第四季","-3,055","-57,968","長科*"
1391,"2023 第一季","1,201,983","-4,630","達發"
1392,"2024 第一季","1,569,392","8,610","達發"
1393,"2023 第一季","51,375","144,786","穎崴"
1394,"2023 第三季","158,113","407,054","穎崴"
1395,"2023 第三季","1,181,084","189,840","保瑞"
1396,"2023 第二季","3,045,519","-912,359","藥華藥"
1397,"2023 第三季","4,881,007","-520,850","藥華藥"
1398,"2023 第四季","6,408,465","102,037","藥華藥"
1399,"2023 第三季","6,503,068","-69,887","樺漢"
1400,"2023 第三季","53,489","31,810","群電"
1401,"2023 第二季","1,370","-153,406","啟碁"
1402,"2024 第一季","-90,008","317,105","啟碁"
1403,"2024 第一季","0","977,577","台表科"
1404,"2023 第三季","1,688,661","-120,254","群益證"
1405,"2023 第四季","3,193,290","24.41","寶雅"
1406,"2023 第二季","868,862","18,566","全家"
1407,"2023 第一季","106,686","5,036,635","合庫金"
1408,"2023 第四季","528,638","-68,110","崇越"
1409,"2023 第四季","511,183","3.48","世界"
1410,"2024 第一季","59,731","393,615","信驊"
1411,"2023 第二季","102,462","816,730","祥碩"
1412,"2023 第二季","2,549","910,826","譜瑞-KY"
1413,"2023 第二季","15,375","-629","南寶"
1414,"2023 第一季","319,156","50,578","健策"
1415,"2023 第四季","541,708","5.03","精材"
1416,"2024 第一季","-52,879","2,140,121","聯邦銀"
1417,"2023 第二季","385,567","17,261","長榮航太"
1418,"2023 第三季","584,952","36,329","長榮航太"
1419,"2024 第一季","155,062","1.36","長榮航太"
1420,"2023 第三季","4,307,186","6,846,184","萬海"
1421,"2023 第二季","1,533","287,815","潤弘"
1422,"2023 第一季","1,487,858","1,185,226","華固"
1423,"2023 第一季","2,198","0.52","愛山林"
1424,"2023 第二季","-693","1.59","愛山林"
1425,"2023 第三季","18,135","1.88","愛山林"
1426,"2023 第四季","69,941","1,507,668","愛山林"
1427,"2024 第一季","-32,600","1.53","愛山林"
1428,"2023 第一季","3,069","71,586","國產"
1429,"2024 第一季","824,697","151,413","國建"
1430,"2023 第二季","2,945,328","1,039,569","宏達電"
1431,"2023 第三季","4,530,930","1,286,925","宏達電"
1432,"2024 第一季","1,452,758","1,285,861","宏達電"
1433,"2024 第一季","1,031,778","-10,152","華新科"
1434,"2023 第四季","0","-744,256","可成"
1435,"2023 第二季","240,822","60,354","義隆"
1436,"2023 第三季","366,557","10,274","義隆"
1437,"2023 第三季","9,201","250,267","京元電子"
1438,"2023 第一季","-49,656","126,799","正崴"
1439,"2024 第一季","827,233","433,497","威盛"
1440,"2023 第一季","-4,332","40,891","微星"
1441,"2023 第一季","2,027,366","28,384","大同"
1442,"2023 第三季","6,779,111","284,126","大同"
1443,"2024 第一季","262,222","306,299","金像電"
1444,"2023 第一季","-2,360","254,105","藍天"
1445,"2023 第四季","1,757,322","-42","致茂"
1446,"2023 第二季","10,676,313","14,356,201","華碩"
1447,"2024 第一季","189,780","176,341","鴻準"
1448,"2023 第二季","22,913","-656,005","華邦電"
1449,"2024 第一季","6,951,326","380,042","仁寶"
1450,"2023 第三季","24,531,557","11,140,917","光寶科"
1451,"2023 第二季","1,128,152","-897,755","鴻華先進-創"
1452,"2023 第三季","1,759,305","-1,449,120","鴻華先進-創"
1453,"2023 第三季","288,755","87,896","南港"
1454,"2023 第三季","-4,718","36,207","美時"
1455,"2023 第一季","-27,643","0","鑽石投資"
1456,"2023 第三季","-1,466,865","0","鑽石投資"
1457,"2024 第一季","-813,062","0","鑽石投資"
1458,"2023 第二季","-1,466,865","0","鑽石投資"
1459,"2023 第四季","-2,601,750","0","鑽石投資"
1460,"2023 第一季","166,378","0","采鈺"
1461,"2023 第三季","524,446","0","采鈺"
1462,"2023 第四季","726,535","0","采鈺"
1463,"2024 第一季","201,038","0","采鈺"
1464,"2023 第二季","242,972","0","愛普*"
1465,"2024 第一季","1,330,976","0","達發"
1466,"2023 第二季","266,577","0","晶碩"
1467,"2023 第一季","390,183","0","藥華藥"
1468,"2023 第一季","1,534,724","0","寶雅"
1469,"2023 第二季","3,124,598","0","寶雅"
1470,"2023 第三季","4,826,423","0","寶雅"
1471,"2023 第一季","20,851","0","永信建"
1472,"2023 第二季","69,960","0","永信建"
1473,"2023 第三季","119,486","0","永信建"
1474,"2023 第四季","218,203","0","永信建"
1475,"2023 第三季","379,044","0","南寶"
1476,"2023 第二季","37,019","0","晟德"
1477,"2023 第一季","82,154","0","精材"
1478,"2023 第二季","169,293","0","精材"
1479,"2023 第二季","-1,466,865","0","鑽石投資"
1480,"2023 第四季","-2,601,750","0","鑽石投資"
1481,"2023 第二季","242,972","0","愛普*"
1482,"2024 第一季","1,330,976","0","達發"
1483,"2023 第二季","266,577","0","晶碩"
1484,"2023 第一季","390,183","0","藥華藥"
1485,"2024 第一季","1,716,099","0","寶雅"
1486,"2024 第一季","86,625","0","永信建"
1487,"2023 第二季","169,293","0","精材"
1488,"2023 第三季","264,836","0","精材"
1489,"2024 第一季","88,922","0","精材"
1490,"2023 第四季","1,224,309","0","聯邦銀"
1491,"2023 第一季","103,331","0","台灣高鐵"
1492,"2023 第二季","200,288","0","台灣高鐵"
1493,"2023 第三季","300,252","0","台灣高鐵"
1494,"2023 第四季","419,962","0","台灣高鐵"
1495,"2024 第一季","120,370","0","台灣高鐵"
1496,"2023 第三季","-29,956","0","長榮"
1497,"2023 第一季","724,700","0","櫻花建"
1498,"2023 第一季","636,462","0","宏達電"
1499,"2023 第一季","-4,856,745","0","友達"
1500,"2023 第二季","45,758","0","漢唐"
1501,"2023 第四季","71,456","0","漢唐"
1502,"2024 第一季","344,029","0","台光電"
1503,"2023 第一季","5,572,870","0","瑞昱"
1504,"2023 第二季","5,605,272","0","英業達"
1505,"2024 第一季","2,804,570","0","英業達"
1506,"2024 第一季","313,822","0","鴻準"
1507,"2023 第三季","1,563,703","0","宏碁"
1508,"2023 第二季","145,900","0","聯強"
1509,"2023 第二季","8,625,790","0","華邦電"
1510,"2023 第二季","-7,386","0","華泰"
1511,"2023 第二季","50,127,816","0","鴻海"
1512,"2023 第一季","582,435","0","華通"
1513,"2023 第三季","1,917,408","0","華通"
1514,"2023 第一季","444,721","0","鴻華先進-創"
1515,"2024 第一季","727,692","665","鴻華先進-創"
1516,"2023 第一季","-16,783","0","長榮鋼"
1517,"2023 第一季","2,018,289","0","大成鋼"
1518,"2023 第二季","1,134,879","0","中鋼"
1519,"2023 第四季","1,039,591","0","台玻"
1520,"2023 第一季","60,612","0","勝一"
1521,"2023 第三季","469,747","0","勝一"
1522,"2023 第一季","-193,661","-79,518","威盛"
1523,"2023 第二季","55,217","-386,946","正新"
