,length_fast,length_slow,return,drawdown,sharp
116,7,56,1.3859755403953689,4.237844033370472,0.0910420730446308
76,6,56,1.3859755403953689,4.237844033370472,0.0910420730446308
119,7,59,1.2651867841940503,4.387107920646658,0.058588390301030586
79,6,59,1.2269079681958428,4.387107920646658,0.05035419664886513
62,6,42,1.2251140872052404,4.811385786730244,0.04694675113693263
118,7,58,1.1930974950586573,4.3632102512281055,0.0403097253718037
159,8,59,1.1876769969312975,4.387107920646658,0.03910062449831118
117,7,57,1.1785050920928684,4.282007513614952,0.03668551983225652
276,11,56,1.139369861607775,4.592286214190542,0.02703552043626376
439,15,59,1.10949233995697,4.636640954393552,0.018775664530479998
39,5,59,1.0916328095075796,4.376101451216187,0.013644953591357532
63,6,43,1.076097379180573,4.871063216752776,0.014556122364881399
438,15,58,1.0427251050850954,4.6054049159577986,0.0019248440608024405
436,15,56,1.038904119138748,4.44154190777241,0.0004681355274605941
437,15,57,1.013837258747201,4.49926687426228,-0.005793692647472174
399,14,59,1.0101516097220946,4.775687523692343,-0.005928313010633811
36,5,56,1.0079013926450573,4.237844033370472,-0.007767589513965361
78,6,58,1.0053694534141546,4.3632102512281055,-0.008401231963776845
74,6,54,1.0020009234844296,4.212217025146029,-0.005725835670320451
476,16,56,0.9928401332387563,4.44154190777241,-0.012081388475504556
37,5,57,0.9908041214966863,4.282007513614952,-0.01203043801209789
77,6,57,0.9908041214966863,4.282007513614952,-0.01203043801209789
75,6,55,0.9899640360648377,4.235962197962284,-0.008490571723615298
156,8,56,0.9680412626982278,4.865373076658272,-0.014976764166252656
477,16,57,0.9677847009155841,4.49926687426228,-0.018341812083666392
478,16,58,0.9676868353013157,4.6054049159577986,-0.018366107051021874
64,6,44,0.947744185962694,4.868424460852712,-0.012019690772833845
73,6,53,0.9403983756517017,4.222138050554327,-0.019567545280305635
199,9,59,0.9314789652821999,5.050517828138807,-0.024393780337555973
65,6,45,0.9192451656999225,4.70463058676955,-0.017729092697438924
97,7,37,0.9128451894779612,4.906373662469808,-0.016275183625577824
99,7,39,0.9035396557243938,4.935464545176913,-0.017843836017726954
457,16,37,0.9032931473955699,4.665539836447013,-0.028820492815720283
274,11,54,0.8954611526809381,4.5607981767774355,-0.029240270796822333
239,10,59,0.887270960798412,5.050517828138807,-0.03614525248769656
275,11,55,0.8802203550716253,4.58997399330156,-0.032549234180859477
38,5,58,0.8691779357850318,4.367658664228422,-0.04131377400867093
313,12,53,0.8681695403250131,4.493742613514927,-0.03600651476322241
352,13,52,0.8484146023704037,4.448051191906008,-0.03955227890064531
377,14,37,0.8349134854492198,4.665539836447013,-0.047228279532042304
34,5,54,0.8316292864611068,4.212217025146029,-0.050874720209875185
238,10,58,0.819796968736084,5.020875507104569,-0.05159342339457213
237,10,57,0.8169986776970702,4.920152814233003,-0.05222322666023721
398,14,58,0.8143500704833013,4.6054049159577986,-0.06246393574997119
277,11,57,0.8080633003251094,4.64655011054748,-0.0617551465301347
35,5,55,0.8026128367879568,4.235962197962284,-0.05779131652994315
396,14,56,0.7997009841532555,4.44154190777241,-0.06826366205676075
30,5,50,0.797770125925913,4.577812795173057,-0.04800838466433481
272,11,52,0.7945774359974102,4.304197075839867,-0.05063215270186809
383,14,43,0.7768521674178018,4.876305172724317,-0.06144358246722441
397,14,57,0.7746934679484128,4.49926687426228,-0.07449363063566226
516,17,56,0.7744646340201585,4.861015706471767,-0.062292192528198474
345,13,45,0.770634171315472,4.667991899429163,-0.05697795451397133
72,6,52,0.7550825721079195,4.156566483772854,-0.06565430200026502
158,8,58,0.7533896953023332,5.020875507104569,-0.06213302380038226
359,13,59,0.7507347690792527,4.775687523692343,-0.07937154450188115
157,8,57,0.7505932474219359,4.920152814233003,-0.06271996554429926
351,13,51,0.7469664803107925,4.7223786701066075,-0.06074522700020997
98,7,38,0.7463078260149535,4.938522277003664,-0.046929653281231914
416,15,36,0.7405551722991651,4.5074628239721,-0.06573823004119274
262,11,42,0.7356831366033079,4.7958210844034195,-0.06820811307612265
67,6,47,0.7356592122119419,4.669078775421571,-0.052827980996588496
196,9,56,0.7342647646656552,4.865373076658272,-0.06809696009164119
102,7,42,0.7255766391175692,5.31736478659402,-0.05726550420762586
154,8,54,0.724773031301088,4.83358570896011,-0.06858516306053027
69,6,49,0.7247656278279083,4.6995774328650874,-0.0548348944279849
417,15,37,0.7168391363456779,4.665539836447013,-0.07953513120201733
343,13,43,0.7143372414316592,5.3192379895153605,-0.06512683269575441
31,5,51,0.7138977037708814,4.434235107193345,-0.0646593122526484
198,9,58,0.71363954480572,5.020875507104569,-0.0724450328245494
197,9,57,0.7108442002055647,4.920152814233003,-0.07303115331024003
155,8,55,0.7093474452099121,4.863038875430235,-0.0717850731055919
475,16,55,0.7052524451307726,4.43908220837198,-0.08106569234240127
384,14,44,0.7027569721585403,4.87300240764137,-0.07465032496834292
350,13,50,0.7019870260436147,4.665120099209511,-0.07083532076483898
137,8,37,0.6939266930059066,5.45111209996936,-0.06273770700698472
236,10,56,0.6901431400343541,4.865373076658272,-0.07978140224137235
194,9,54,0.6876086597148509,4.83358570896011,-0.07826143522183455
358,13,58,0.6831393923838421,4.746324333805068,-0.09545669362366813
479,16,59,0.6739877694888654,4.636640954393552,-0.1116634053323572
222,10,42,0.6737555513413961,5.047772273409548,-0.07749088455340675
100,7,40,0.6674340729630343,4.89252042959875,-0.07113315865465669
114,7,54,0.6660116276739075,4.83358570896011,-0.07743856793370689
273,11,53,0.6659019407546424,4.572988191955831,-0.07664487577405248
278,11,58,0.6616449337893743,4.746324333805068,-0.10661909554532732
497,17,37,0.6587352639462115,5.08415358105522,-0.08036923099272063
115,7,55,0.6505950406508191,4.863038875430235,-0.08047734767445973
66,6,46,0.6396029788007335,4.813275766458915,-0.07023008733081854
61,6,41,0.6386060206733616,4.771291772163787,-0.0829093425991862
319,12,59,0.6340212452644749,4.775687523692343,-0.11597333686603771
421,15,41,0.6336411323671236,4.685056394973083,-0.09144484699248336
68,6,48,0.6314328035513931,4.827289057982431,-0.07168017247413898
434,15,54,0.6297329988279153,4.327297051568254,-0.10877307659472996
263,11,43,0.625438639742501,4.9297729672539905,-0.09484512628695375
70,6,50,0.6241084325558267,4.838495925388517,-0.07297621918116967
33,5,53,0.6088278677776147,4.222138050554327,-0.10026573186082428
193,9,53,0.6058908891064146,4.8458916043589735,-0.09505975206567259
387,14,47,0.6044070302023243,4.625941582017223,-0.0888386216677124
231,10,51,0.6041892086970162,4.830632834882155,-0.09805947055629145
121,8,21,0.5845421622851072,4.316452255966462,-0.13750982879975632
347,13,47,0.5843987361390958,4.625941582017223,-0.09383810346881942
356,13,56,0.5805578756582097,4.592286214190542,-0.12914626538454665
474,16,54,0.5759369584914914,4.7187290986533545,-0.10843602008197772
312,12,52,0.5735638420093362,4.883978240266239,-0.09604417280930691
192,9,52,0.5728113817430466,4.752969402241899,-0.10164359002734508
96,7,36,0.5709121537645766,4.778752908346833,-0.08648782969005657
17,5,37,0.5699734088843914,4.831682938465828,-0.10780998520411296
382,14,42,0.5698879792976363,5.178857042702026,-0.10506036569150456
318,12,58,0.5665041736516446,4.746324333805068,-0.13193329256180647
385,14,45,0.5657930322208504,4.667991899429163,-0.09738862239708465
314,12,54,0.5627704539254726,4.5607981767774355,-0.11939349518663937
316,12,56,0.5608089364333053,4.592286214190542,-0.13558730015730633
357,13,57,0.5575644608647455,4.64655011054748,-0.1345029897605154
23,5,43,0.5556553873866663,4.924005625139624,-0.1163799917373637
376,14,36,0.553389853259084,4.5074628239721,-0.10632569290964757
315,12,55,0.5475799110208268,4.58997399330156,-0.12265710672363908
223,10,43,0.5448260270517216,5.182763370932767,-0.1078374518812263
338,13,38,0.5417323485834928,4.9153039163962555,-0.10871732608087613
261,11,41,0.5417170045592894,4.748132605907375,-0.1079166599646816
435,15,55,0.5415052534836959,4.43908220837198,-0.12875800768581064
349,13,49,0.5413543908079077,4.679326573560408,-0.10200937992227449
342,13,42,0.5386656158867134,5.178857042702026,-0.10556499815805874
317,12,57,0.5378200363846585,4.64655011054748,-0.14093454791785526
28,5,48,0.5365612578382759,4.501461622038667,-0.12036248326964698
422,15,42,0.5358254319184105,4.735267499804494,-0.13518270517014086
15,5,35,0.5292484179664644,4.406513185427815,-0.1154730041463884
388,14,48,0.5235954498493461,5.02796091776219,-0.10420995798515562
554,18,54,0.5180240182522212,4.9208498388937025,-0.11550679085625624
344,13,44,0.515014226677714,5.315950603387609,-0.10739422585627373
113,7,53,0.5107766401801711,4.8458916043589735,-0.11212896497051053
153,8,53,0.5107766401801711,4.8458916043589735,-0.11212896497051053
71,6,51,0.507791258525924,4.434235107193345,-0.11711570357435323
386,14,46,0.5045529670056319,4.776944375867606,-0.10758252853245995
537,18,37,0.5016444759750737,5.08415358105522,-0.13083832142281474
190,9,50,0.5004516634198123,4.980981466888348,-0.11571074262877144
559,18,59,0.4999467415056533,5.0750368909138865,-0.14474264158352282
473,16,53,0.49586776596406146,4.731654473926378,-0.12470606692364426
339,13,39,0.49438359504162366,4.911702884084169,-0.11369398631288365
103,7,43,0.4915710167849613,4.871063216752776,-0.12026636601521147
346,13,46,0.4845645320074152,4.776944375867606,-0.11256298688606148
279,11,59,0.4843462521521368,4.775687523692343,-0.16665297457919803
423,15,43,0.4827640451461079,4.876305172724317,-0.14690529997747262
348,13,48,0.47856550222600514,4.787253669031227,-0.1136630758849469
303,12,43,0.47839308777398104,5.505764026914258,-0.11011867299444449
195,9,55,0.47616991427582134,4.863038875430235,-0.11968614897857625
519,17,59,0.4760571225160414,4.636640954393552,-0.18295130433022674
297,12,37,0.47006365503277725,4.877443107703579,-0.1299157620031886
472,16,52,0.4668080398771266,4.631763209529643,-0.13046257132099093
230,10,50,0.45834137411321085,4.980981466888348,-0.12683059092270754
101,7,41,0.4536170042356771,5.269442784852648,-0.10976093533749326
354,13,54,0.4508054822604801,4.408045494382801,-0.158666491210642
183,9,43,0.4486958137582682,5.276866221878321,-0.12627459811598254
234,10,54,0.44754446490435007,4.83358570896011,-0.12834568556903678
229,10,49,0.447313390719113,4.995739870206744,-0.129116115131378
260,11,40,0.44213902388846565,4.908206684352815,-0.12691634815006417
301,12,41,0.44094391468729655,4.748132605907375,-0.13497396769391456
152,8,52,0.4387465979358481,4.752969402241899,-0.12853717535314502
267,11,47,0.43767670219261173,5.268939289507805,-0.1198664227067152
307,12,47,0.43767670219261173,5.268939289507805,-0.1198664227067152
553,18,53,0.43723610776584054,4.935060610338054,-0.13107956782349547
355,13,55,0.43458044535994844,4.43908220837198,-0.16220112429237737
543,18,43,0.4334268572109519,5.312368266585045,-0.13408985646466706
391,14,51,0.43307690263752463,4.755475422209401,-0.14472513464793604
235,10,55,0.43216133523168593,4.863038875430235,-0.13124986685433862
353,13,53,0.4304259210251713,4.7857043052554085,-0.14525704817757945
304,12,44,0.4303517099674354,5.502646198861365,-0.12117471067862834
191,9,51,0.4282044074084901,5.100841859846766,-0.12931543389647915
24,5,44,0.42796308624183776,4.921368337794718,-0.14233625486226878
32,5,52,0.4263816887346979,4.156566483772854,-0.14819073647062259
120,8,20,0.4241901328704308,4.77121256923888,-0.16377798588261952
256,11,36,0.4238581610292431,4.824708687786186,-0.14003679438858507
305,12,45,0.42002849831831135,5.309115173315349,-0.12301177829330377
184,9,44,0.4174576015678234,5.17960220218841,-0.13209994435244574
552,18,52,0.41685590955822077,4.820492982426746,-0.13492028046432503
542,18,42,0.41631296520601224,5.159824917655791,-0.13129946793416963
337,13,37,0.4157435289267212,4.877443107703579,-0.14513010109413252
27,5,47,0.41442070407078874,4.722133594849071,-0.14499836228278862
185,9,45,0.40831784945832883,4.983380916524663,-0.13378940271930193
187,9,47,0.4035885486493261,4.942747812793834,-0.13507252057131414
456,16,36,0.4014046826764075,5.040341727538238,-0.12863772517183947
25,5,45,0.3996108077632925,4.757665620434922,-0.14789044715078675
393,14,53,0.3988510938157161,4.340275526532888,-0.17438557787677872
14,5,34,0.39767110612916295,4.633291357892638,-0.1409804290079666
395,14,55,0.3949759195221208,4.43908220837198,-0.17508911955287412
224,10,44,0.39489825943907964,5.17960220218841,-0.13667254840454535
269,11,49,0.3948521393300364,5.32169587183361,-0.1274593596529219
514,17,54,0.39070552330434877,5.148934881879655,-0.13974646770181764
458,16,38,0.37358195633830443,5.295350176788485,-0.13385940040353714
515,17,55,0.37266045589618496,5.182865623205365,-0.14307902730936659
522,18,22,0.3698084828141973,5.96791764983187,-0.11781235365986056
147,8,47,0.3690727498887397,5.037088870937733,-0.13789350106562698
233,10,53,0.3679287368113967,4.8458916043589735,-0.1431663117653622
257,11,37,0.36441595056966164,4.974851302058866,-0.1512417985011542
104,7,44,0.3639600942629215,4.868424460852712,-0.14427728400231865
112,7,52,0.36351264465724115,4.752969402241899,-0.14981256235683524
461,16,41,0.36195398465885403,4.685056394973083,-0.1690526652225812
189,9,49,0.3607471717294429,4.995739870206744,-0.14290233370757982
227,10,47,0.3590972662748554,4.942747812793834,-0.14687440283214734
145,8,45,0.351250890602901,5.077681647708614,-0.1410686497209811
182,9,42,0.3499750804589625,5.142009098383245,-0.14506500546985485
299,12,39,0.34538805520906307,4.911702884084169,-0.15310961450146568
271,11,51,0.34507064219345523,5.157054181796513,-0.1355918911518897
300,12,40,0.3414657411522161,4.908206684352815,-0.1538375076059755
225,10,45,0.34127717826833653,4.983380916524663,-0.1501391090560227
306,12,46,0.3389558578724743,5.417269756064066,-0.13717121265927718
151,8,51,0.3378056267043415,5.0262583155497005,-0.1470360990095471
177,9,37,0.3329048317733763,5.397667140345739,-0.1537191121062587
341,13,41,0.3326373097855581,5.12887974024905,-0.14330021290341372
268,11,48,0.33243291257052526,5.428420149231854,-0.13829020833607097
50,6,30,0.3306428810436931,4.77121256923888,-0.15184475466589684
221,10,41,0.32918908925022533,5.0939983433495915,-0.14505533313068625
258,11,38,0.32835449097384006,5.012673340210355,-0.14656744308309644
427,15,47,0.32205579092134,4.86705664367397,-0.16643967961783004
311,12,51,0.3204177200023451,5.157054181796513,-0.1416932754727889
26,5,46,0.3186707868276724,4.866250335478442,-0.16335118041719882
56,6,36,0.3178507898364058,4.703961945379542,-0.15244070660010817
13,5,33,0.31758020203600484,4.77121256923888,-0.15578642632152848
378,14,38,0.3107429412698023,5.295350176788485,-0.15124494323575702
513,17,53,0.31001994068672745,5.163111563153755,-0.15444607202956384
136,8,36,0.308777943388475,5.300246995360423,-0.12804454127885864
29,5,49,0.30859050038229857,4.855710317071629,-0.16523677047983312
186,9,46,0.30470797349523143,5.09192061060101,-0.15292875811991394
217,10,37,0.3013368996921428,5.397667140345739,-0.16233307964658994
298,12,38,0.3009401239059308,4.9153039163962555,-0.1620075018681017
188,9,48,0.29829360446515674,5.102926880835788,-0.1540611761732363
135,8,35,0.2894369974574151,5.277388994324865,-0.13110534887202832
551,18,51,0.2886748709119021,5.091514007963336,-0.1608298091905277
390,14,50,0.28736470665679853,4.906136113696149,-0.1729967227060873
84,7,24,0.2870219160135487,4.77121256923888,-0.20943311644017917
467,16,47,0.28249563710721576,4.86705664367397,-0.1779319758120709
536,18,36,0.28112011746681853,5.314786968652916,-0.14827084928040452
392,14,52,0.28073934525003036,4.48206471762243,-0.1944930883632164
425,15,45,0.2793233866653397,4.667991899429163,-0.17419681730263617
389,14,49,0.2791237133023258,4.920306672673483,-0.17453896871334715
302,12,42,0.27502660680896135,5.37262370294341,-0.16646637636199837
336,13,36,0.27331589758277364,4.727146585532264,-0.17220438272570426
232,10,52,0.2711073218512045,4.881534482841133,-0.16051228317111293
146,8,46,0.2702261669662678,5.186113619866272,-0.155208448402182
433,15,53,0.2701899521394715,4.582112780258651,-0.20140985968587813
149,8,49,0.26722930133437933,5.090028335553623,-0.15950200657485789
556,18,56,0.2660647208818453,4.861015706471767,-0.2196773915957714
460,16,40,0.26524987572810144,4.840596614123759,-0.18815125331713192
111,7,51,0.26264728357192935,5.0262583155497005,-0.16828854497129195
284,12,24,0.2613325718226826,5.518258709174289,-0.13642193009712883
226,10,46,0.26026050751870716,5.09192061060101,-0.16466630040064548
215,10,35,0.2595436921688449,5.721908218847369,-0.13654217877930283
58,6,38,0.2591160383516619,4.938522277003664,-0.16283249365221572
21,5,41,0.2587267334859169,4.771291772163787,-0.16188635237583343
181,9,41,0.25352861156005785,5.0939983433495915,-0.15278887880194322
432,15,52,0.241195483814823,4.48206471762243,-0.20723847986913604
429,15,49,0.23958048896180162,4.920306672673483,-0.18599752560179497
557,18,57,0.23778752074500673,4.924339263987809,-0.2256485432097181
381,14,41,0.23638900762862924,5.12887974024905,-0.16833033880417617
59,6,39,0.23532479863019742,4.935464545176913,-0.15962589956280573
296,12,36,0.23337121464021954,4.824708687786186,-0.17416519755711762
558,18,58,0.23142403406519085,5.040771352157698,-0.22697952647628378
22,5,42,0.23069091411478454,5.132859111129281,-0.1715562665141669
123,8,23,0.22975609417444326,4.656446701862995,-0.23971797362736463
496,17,36,0.22806574300760102,5.371485367684814,-0.15878484331038417
148,8,48,0.22491518551788744,5.197108966755827,-0.1663284683064754
512,17,52,0.22430132181860823,5.0488187711270145,-0.17565527138241618
60,6,40,0.2235686757727606,4.94545089633498,-0.16159754320225364
415,15,35,0.22230522577646708,5.214959962645633,-0.16377551283960085
259,11,39,0.22101923192543416,5.009075995457432,-0.16513533593129157
394,14,54,0.21981858764978474,4.772786263103898,-0.21139204817027127
16,5,36,0.21474284090974902,5.004336489085401,-0.17405198311616712
51,6,31,0.20925622578072028,4.77121256923888,-0.18521008105478232
334,13,34,0.20873990511224974,5.064538810679398,-0.18410498742160164
143,8,43,0.2062984491451944,5.276866221878321,-0.1790604248224087
379,14,39,0.20352999912220557,5.291586176585105,-0.16977621686971558
270,11,50,0.1996264942530408,5.306839081656318,-0.15986042669543077
289,12,29,0.19785690358277708,5.4801590987566025,-0.15185948353591222
122,8,22,0.19772346540945562,4.71169850296776,-0.24655474590299528
418,15,38,0.19753348986685715,5.295350176788485,-0.17990072073689922
218,10,38,0.19282440560749226,5.260556120759508,-0.16907954192954475
176,9,36,0.19145521280700986,5.246716757320544,-0.17887581183058682
266,11,46,0.19001475881353017,5.417269756064066,-0.17515709232276477
87,7,27,0.18824987198416637,4.77121256923888,-0.1939501035893353
545,18,45,0.18700785235424708,5.324454416846522,-0.17871081101919536
466,16,46,0.18296108437274322,5.017677687512303,-0.1963954789002374
216,10,36,0.1824360746850586,5.246716757320544,-0.18130634061139198
544,18,44,0.18111895737866518,5.5456348276661895,-0.17971993195767838
502,17,42,0.17721344338069756,5.159824917655791,-0.19709975304251273
428,15,48,0.17698006062113428,5.02796091776219,-0.19747810599170354
310,12,50,0.17500930499073286,5.306839081656318,-0.16591633001734832
309,12,49,0.16634237293937104,5.32169587183361,-0.1673161454934141
178,9,38,0.1637950406409295,5.4356926614372645,-0.1836180955387137
138,8,38,0.15691117670507246,5.4356926614372645,-0.1854695117464409
367,14,27,0.15538908974297802,5.4801590987566025,-0.16186620376055638
517,17,57,0.15281255589211065,4.924339263987809,-0.2564588373036976
57,6,37,0.15123035659152512,5.384545593365269,-0.1812589482422463
420,15,40,0.14995461597116022,5.283695703813195,-0.1821250530939841
83,7,23,0.14959296244720588,4.77121256923888,-0.22027309047386515
150,8,50,0.1489330135293575,5.25076361544861,-0.17958399250496643
424,15,44,0.1488471970933737,4.87300240764137,-0.2133279925998551
55,6,35,0.14797309945993042,5.202989682109692,-0.18077126877785765
264,11,44,0.14738783121018564,5.502646198861365,-0.18408200316153386
518,17,58,0.14645446375532808,5.040771352157698,-0.25776893305823295
327,13,27,0.1449376362401374,5.4801590987566025,-0.1643550676878597
265,11,45,0.14367821455696542,5.309115173315349,-0.1840646092956879
550,18,50,0.1429279591233372,5.242062218992098,-0.1861470484482336
431,15,51,0.14083309455830142,4.755475422209401,-0.22676308391260927
380,14,40,0.13980588726705934,5.283695703813195,-0.1848015344674061
213,10,33,0.1393750588219448,5.538878819733334,-0.15392426802869852
340,13,40,0.1390140336504677,5.48432840517303,-0.1755720831252789
549,18,49,0.1354561683971273,5.254883236525435,-0.18740306869967874
308,12,48,0.1286649745641041,5.428420149231854,-0.17120316826894416
511,17,51,0.12478246469300798,5.31918964526703,-0.19284681911429818
88,7,28,0.12340147250693556,4.656446701862995,-0.22117731578299818
462,16,42,0.12086414533435023,5.159824917655791,-0.24149354722572028
503,17,43,0.11726676347719217,5.312368266585045,-0.20777891497543718
180,9,40,0.11375467122145601,5.252568374928233,-0.17914646585842334
107,7,47,0.1080590349770383,5.212638516015154,-0.19507006574763172
254,11,34,0.09482293781593783,5.949116364123053,-0.16402471228538704
140,8,40,0.09425285894200812,5.427719681854505,-0.1911818999971939
419,15,39,0.09044154690648534,5.291586176585105,-0.19813129966231507
219,10,39,0.08565478631308326,5.256932723998836,-0.18656176903480887
207,10,27,0.08401629750680999,5.316473686238881,-0.18741143647911665
220,10,40,0.08225569077076393,5.252568374928233,-0.18710398074223727
144,8,44,0.07935886447078512,5.273708190485334,-0.20071084167723868
326,13,26,0.07239545410774002,5.780312555698024,-0.16804094609265469
426,15,46,0.07092989466931884,5.017677687512303,-0.21130359950515135
505,17,45,0.0701356751528967,5.324454416846522,-0.2108200623723825
109,7,49,0.065343758044935,5.26548011606354,-0.20216315358651032
504,17,44,0.06425364981035503,5.5456348276661895,-0.21181611194399208
168,9,28,0.05994214720162281,5.112767309472037,-0.20932871973644937
110,7,50,0.05751296562144331,5.304291567242923,-0.20344969488461886
325,13,25,0.05133030577406054,5.780312555698024,-0.17246591362572394
139,8,39,0.0497799714097767,5.432075962933921,-0.20330973042948233
85,7,25,0.04782027387619129,5.216711164798573,-0.25697622742481674
455,16,35,0.04592576031205615,5.682898959980434,-0.1858166239822405
290,12,30,0.04575648711306845,5.4801590987566025,-0.17590637113109822
49,6,29,0.040472106035268025,4.77121256923888,-0.2348897483363723
52,6,32,0.035001217581157505,5.243576843142903,-0.20494047754592254
125,8,25,0.03462785393196103,5.144614941915949,-0.21353379876602072
228,10,48,0.03248276006464423,5.682664609706757,-0.20131819629216138
89,7,29,0.029448038710863645,4.656446701862995,-0.23728456598833705
201,10,21,0.02811487147448579,5.17837565300762,-0.20938825903973549
175,9,35,0.02807280835578899,5.721908218847369,-0.1694787931003208
18,5,38,0.012440729387971472,4.863856803938047,-0.2378510416357435
295,12,35,0.011814494745675374,5.303313562014883,-0.22455808277740288
108,7,48,0.0030740176003073104,5.372362796649279,-0.21227798686734659
430,15,50,-0.004455102792175841,4.906136113696149,-0.2533567838033398
161,9,21,-0.00465859839044831,5.450840774540834,-0.2583316158340649
329,13,29,-0.007082448744931915,5.4801590987566025,-0.18835781328354473
555,18,55,-0.008739519120787902,4.954862172287834,-0.2735851302268213
202,10,22,-0.009657775797941491,5.359760806613369,-0.21548006720038115
162,9,22,-0.013151738645893692,5.336104865351445,-0.27138305585904987
142,8,42,-0.01561393968174865,5.31736478659402,-0.23311183572715766
255,11,35,-0.016675413107012343,5.478371060743026,-0.2176557256011869
471,16,51,-0.02335427935768869,4.904745416892234,-0.26772650244541385
538,18,38,-0.02445313293357848,5.709731862181846,-0.2276924098143077
498,17,38,-0.02445313293357848,5.709731862181846,-0.2276924098143077
501,17,41,-0.02556450700855375,5.105517654030099,-0.23209444238583296
167,9,27,-0.026611204980040385,5.112767309472037,-0.2338458992250429
6,5,26,-0.027485503056214583,6.341844713591941,-0.19925525049887213
171,9,31,-0.0286561434123007,5.706494388188439,-0.19695282009636497
172,9,32,-0.0286561434123007,5.706494388188439,-0.19695282009636497
174,9,34,-0.032817310369002005,6.0022497861702435,-0.17091262985316638
132,8,32,-0.033455099050244824,5.450840774540834,-0.21371835856888738
20,5,40,-0.034838105803073935,4.94545089633498,-0.230745884346021
170,9,30,-0.03677947615191907,5.630844379483794,-0.2037555252010714
463,16,43,-0.03803117839138023,5.312368266585045,-0.25449376838061344
19,5,39,-0.03849181695561381,4.860796670434,-0.23922479716654707
54,6,34,-0.04121734498180922,5.4303828636330875,-0.21705430695978414
541,18,41,-0.04340848911167581,5.544046504740647,-0.2083315580262059
282,12,22,-0.05162546978231164,5.780312555698024,-0.19664228137581036
124,8,24,-0.053551937403906666,5.144614941915949,-0.2961472289094073
105,7,45,-0.05570839329293852,5.253156252462704,-0.22250515188562422
86,7,26,-0.05687604453803784,5.216711164798573,-0.23592732941319242
169,9,29,-0.058070400968506734,5.630844379483794,-0.2086043074285967
526,18,26,-0.06351811547513019,5.71472545375979,-0.205570859396429
323,13,23,-0.0664979161977807,5.316473686238881,-0.22706058584305883
208,10,28,-0.06679031710527311,5.630844379483794,-0.21080640071466772
402,15,22,-0.06867996801411937,5.789647301118239,-0.20465394493066877
523,18,23,-0.06995270132813658,6.053921261078722,-0.18890220661643656
322,13,22,-0.07264540969864569,5.316473686238881,-0.22873527697648138
95,7,35,-0.0747799467918606,5.277388994324865,-0.21962166382822687
494,17,34,-0.07659198645809935,5.858613980863606,-0.2061254047797844
128,8,28,-0.07769103683211268,5.144614941915949,-0.24220539047659587
133,8,33,-0.08193286309187343,5.623610567224605,-0.21506960225433286
209,10,29,-0.09488374057240934,5.706494388188439,-0.21333541965139408
375,14,35,-0.09615011143623413,5.2583427961664855,-0.23384383259338007
506,17,46,-0.1010513579843893,5.581371415523535,-0.2387973573356667
469,16,49,-0.10225612276849355,5.069318339016812,-0.2702086439769178
53,6,33,-0.11065409111939344,5.549483192687491,-0.2277670660548879
214,10,34,-0.11392046848896702,5.949116364123053,-0.19005040028682196
459,16,39,-0.1146929810454429,5.291586176585105,-0.25621970873020244
246,11,26,-0.11796869922804404,5.518258709174289,-0.22932278771063402
535,18,35,-0.11969554474077944,5.9660732980627795,-0.21281442661730837
294,12,34,-0.12112654597775524,5.531465056213725,-0.24613863238749925
500,17,40,-0.12800697980364198,5.690180013250909,-0.24422714695389083
91,7,31,-0.12931389360625362,5.243576843142903,-0.25035368165851674
499,17,39,-0.13112827180708053,5.705676906443383,-0.24471433628142064
335,13,35,-0.13147778645366065,5.303313562014883,-0.24042308603614004
283,12,23,-0.13291732169878834,5.780312555698024,-0.21643245067163125
106,7,46,-0.13640453344690898,5.361387775897805,-0.23495735600109907
130,8,30,-0.13679909265786552,5.450840774540834,-0.24089521573476033
547,18,47,-0.1383146391269956,5.4287647357761575,-0.2537521305152915
179,9,39,-0.14130007194966807,5.432075962933921,-0.23222642551135053
482,17,22,-0.14210116868815403,6.206669883276947,-0.23738839141770585
291,12,31,-0.15160384607532437,5.864378663340861,-0.2041883647246999
240,11,20,-0.1517121352200681,5.347161494161512,-0.2504444818946014
94,7,34,-0.15867192439195932,5.4303828636330875,-0.23226654259086807
127,8,27,-0.1596059385801683,5.144614941915949,-0.2698446390589565
468,16,48,-0.16464307138175735,5.176803865235168,-0.28057517027926443
134,8,34,-0.1649173657031132,5.50460371139826,-0.22853270430934386
292,12,32,-0.1652031540870452,5.81156332180099,-0.20900997307889552
368,14,28,-0.1661776704613656,5.4801590987566025,-0.24354764532270054
470,16,50,-0.16840426730996505,5.055169988552486,-0.29281205457502946
539,18,39,-0.17050972083802143,5.705676906443383,-0.2558244113531832
510,17,50,-0.1738732830614909,5.469376706715426,-0.25933802292540664
328,13,28,-0.17659556770654372,5.4801590987566025,-0.2463825641333715
369,14,29,-0.17694041662481633,5.789647301118239,-0.21480370412708957
524,18,24,-0.17938658215539008,6.240411678400793,-0.2040037847451185
360,14,20,-0.17950313015623148,5.316473686238881,-0.2619814275867445
90,7,30,-0.17951671239386396,5.144614941915949,-0.2722096282163589
509,17,49,-0.18132143684564295,5.482166967954356,-0.26049727155344254
365,14,25,-0.18346957809898523,5.4801590987566025,-0.2476501262190679
330,13,30,-0.18705648048257176,5.789647301118239,-0.21721898864694147
7,5,27,-0.19000118694534274,6.341844713591941,-0.22223509329445967
495,17,35,-0.19304450355641214,6.057485209918319,-0.22292015995876205
362,14,22,-0.2007954301214767,5.721712997662719,-0.23868916289989806
166,9,26,-0.20314657820483434,4.805446524452229,-0.31532765259630163
454,16,34,-0.21181378755535515,6.078570415144495,-0.2235297722544612
286,12,26,-0.21655623257237944,5.780312555698024,-0.2374746481327967
285,12,25,-0.21655623257237944,5.780312555698024,-0.2374746481327967
93,7,33,-0.21821069095891646,5.549483192687491,-0.25683873021957826
141,8,41,-0.2216577148789425,5.269442784852648,-0.26597093812248374
129,8,29,-0.22318226071334188,5.450840774540834,-0.2650284564024486
491,17,31,-0.22398666744220092,6.186585098056705,-0.22635525996983288
366,14,26,-0.2263047688792932,5.4801590987566025,-0.25944636331639653
546,18,46,-0.23910653041682514,5.581371415523535,-0.26936694407736705
364,14,24,-0.23968644747826917,5.789647301118239,-0.24813930126266898
548,18,48,-0.2441404802541559,5.590011400494899,-0.2701293662872662
508,17,48,-0.2441404802541559,5.590011400494899,-0.2701293662872662
525,18,25,-0.24791083905995132,5.898042478760414,-0.240489248314681
363,14,23,-0.2547028528878366,5.789647301118239,-0.2521052374222306
373,14,33,-0.2602519775570844,5.864378663340861,-0.25887282055665184
210,10,30,-0.2735224990823084,6.110064436469562,-0.23277656260707397
211,10,31,-0.2735224990823084,6.110064436469562,-0.23277656260707397
92,7,32,-0.2747299523647595,5.549483192687491,-0.2726634662211161
253,11,33,-0.27753987336424735,6.056991958022656,-0.22122039031007004
252,11,32,-0.27753987336424735,6.056991958022656,-0.22122039031007004
164,9,24,-0.2796286907994874,5.696954259218371,-0.26556245501029757
206,10,26,-0.2877448828736609,5.518258709174289,-0.2759050309121429
251,11,31,-0.29538630955822226,6.110064436469562,-0.22357383000372588
507,17,47,-0.29728418388562833,5.4287647357761575,-0.3013617684837858
442,16,22,-0.3082888797026151,6.495464169621744,-0.26606018089920436
131,8,31,-0.308630159113695,5.450840774540834,-0.2776712584385947
293,12,33,-0.3114781211408545,5.81156332180099,-0.274991044755625
534,18,34,-0.32218040890297533,6.277795818135331,-0.2407148381209177
324,13,24,-0.32355848222257994,5.780312555698024,-0.2654578762272841
82,7,22,-0.3244776913964346,5.587119385087688,-0.30012536929765693
485,17,25,-0.3323113344848622,6.072000554050391,-0.24759634106202671
200,10,20,-0.34758045281483474,5.347161494161512,-0.3123870448720107
465,16,45,-0.3476181527164689,5.324454416846522,-0.3142334628808572
486,17,26,-0.35012623595377584,5.889022411233293,-0.26531513975327164
374,14,34,-0.35082945170739926,5.654968865890392,-0.271636182216175
321,13,21,-0.3525230229837095,5.316473686238881,-0.31004031692466505
464,16,44,-0.3534756228949079,5.5456348276661895,-0.31512163419264494
530,18,30,-0.35855752053984546,6.186585098056705,-0.2599197497593016
333,13,33,-0.3644294318569369,5.81156332180099,-0.28995334095217357
173,9,33,-0.3651050477001874,6.02152510160736,-0.2453031881210691
371,14,31,-0.3699332618267359,5.864378663340861,-0.28932300357715196
540,18,40,-0.3728344871515699,5.690180013250909,-0.2853207076860262
249,11,29,-0.3735768622613894,6.110064436469562,-0.25744450082891046
489,17,29,-0.3779021599659182,6.240224690943752,-0.2349013858565129
529,18,29,-0.3779021599659182,6.240224690943752,-0.2349013858565129
332,13,32,-0.3800297677992197,5.864378663340861,-0.2921988365683013
372,14,32,-0.39328385480737127,5.864378663340861,-0.2959932265661809
80,7,20,-0.39947122906179905,6.226641083356575,-0.27252307390993774
449,16,29,-0.4029489983657705,6.282273401274637,-0.23813455095752012
160,9,20,-0.4030481247266904,5.559765575800033,-0.3191821270554302
533,18,33,-0.41690135202653983,6.431334358463602,-0.2537627500725204
492,17,32,-0.42146239129067836,6.186585098056705,-0.25266917866507044
493,17,33,-0.42146239129067836,6.186585098056705,-0.25266917866507044
81,7,21,-0.4216304624296029,6.02415583104355,-0.2912886602629636
414,15,34,-0.4273956149254101,6.078570415144495,-0.26126127575406455
287,12,27,-0.4306984204480318,6.183566667041262,-0.2650708501662462
248,11,28,-0.4306984204480318,6.183566667041262,-0.2650708501662462
43,6,23,-0.44311617725660324,6.341844713591941,-0.27543659538588094
242,11,22,-0.44418239289326417,5.518258709174289,-0.3662894010683171
40,6,20,-0.447234924734582,6.4371978861537205,-0.2559544753777759
453,16,33,-0.4509303559637451,6.228657864286797,-0.25700601206442536
11,5,31,-0.4520012516122154,5.907737501601965,-0.28861797332605155
12,5,32,-0.4520012516122154,5.907737501601965,-0.28861797332605155
401,15,21,-0.45518129264240414,6.034738204863533,-0.36253415565674524
483,17,23,-0.4620671009350578,6.186585098056705,-0.27543903251664575
250,11,30,-0.46415452818354497,6.110064436469562,-0.28062471554212254
42,6,22,-0.4669632448664097,6.341844713591941,-0.28163342969570465
531,18,31,-0.46921282815181936,6.604306583603321,-0.259011614692361
5,5,25,-0.4752841880913348,6.341844713591941,-0.28380959617102197
203,10,23,-0.4769979495048572,5.435081959702235,-0.3469632512744256
488,17,28,-0.48668162872843374,6.240224690943752,-0.26031688774749345
126,8,26,-0.5008683926951769,5.144614941915949,-0.38229384716362086
45,6,25,-0.5041988567475251,6.341844713591941,-0.3295368541778218
247,11,27,-0.5091720967978465,6.183566667041262,-0.28439443737816633
212,10,32,-0.5158203650019448,6.110064436469562,-0.27627887630057485
409,15,29,-0.5165271568990637,6.421233806690304,-0.25623720583423165
163,9,23,-0.5198842304985852,5.559765575800033,-0.3488278705625159
288,12,28,-0.5212241529849586,6.183566667041262,-0.2881477686158109
403,15,23,-0.5324116664028837,6.421233806690304,-0.27866878225115155
532,18,32,-0.5410143215416596,6.431334358463602,-0.26783334615265236
244,11,24,-0.5418807184607137,6.046161585436669,-0.3056843017659431
165,9,25,-0.543480527254667,5.450840774540834,-0.3681930121552894
450,16,30,-0.5448710133491019,6.282273401274637,-0.3037252072882354
4,5,24,-0.5475098757605238,6.523837160903815,-0.28940138091044276
527,18,27,-0.5507007924271617,6.0306384786008564,-0.3115696447505477
320,13,20,-0.5640831911748758,5.780312555698024,-0.33392356568164566
412,15,32,-0.5658604794713761,6.282273401274637,-0.3094327182960899
370,14,30,-0.5673762619205716,5.789647301118239,-0.31538490556989346
331,13,31,-0.5774527590293188,5.789647301118239,-0.3181970663272589
521,18,21,-0.5928058717080883,6.292795877175217,-0.286278682174932
452,16,32,-0.5933830800768203,6.228657864286797,-0.2921313794245654
205,10,25,-0.5973225131556165,5.642316861531159,-0.3640340207377201
448,16,28,-0.6124505925924204,6.282273401274637,-0.2946191217347621
443,16,23,-0.6275073427703572,6.495464169621744,-0.2930719565342865
41,6,21,-0.6294934803410512,6.4371978861537205,-0.3011475008979027
528,18,28,-0.6298716335973642,6.240224690943752,-0.2953743238564549
484,17,24,-0.6381598514465636,6.186585098056705,-0.3183504002497587
243,11,23,-0.6445954021077285,5.642316861531159,-0.3793800424817217
451,16,31,-0.6511911035868508,6.282273401274637,-0.3331494115885035
3,5,23,-0.6767905846905504,6.757321166877881,-0.2892255938228836
404,15,24,-0.6876542601920327,6.421233806690304,-0.3148462467468761
407,15,27,-0.6886998822254972,6.421233806690304,-0.3158048858140433
9,5,29,-0.6923790834431225,6.341844713591941,-0.31988014561727546
10,5,30,-0.6923790834431225,6.341844713591941,-0.31988014561727546
411,15,31,-0.6984847391617641,6.282273401274637,-0.34666052275535375
280,12,20,-0.701476462661967,6.095096645663681,-0.34389057546934176
47,6,27,-0.7128263923084233,6.341844713591941,-0.3290827484763071
245,11,25,-0.7154013336624674,6.046161585436669,-0.35481352953447426
481,17,21,-0.7464715858365578,6.536802001384073,-0.35413776332418134
413,15,33,-0.7465152633824395,6.228657864286797,-0.3320973083268976
490,17,30,-0.7478186279744257,6.186585098056705,-0.3283030107998871
444,16,24,-0.7517703600208128,6.495464169621744,-0.3248537088013484
281,12,21,-0.7519732347138551,6.095096645663681,-0.3584637281890869
48,6,28,-0.7578610379439742,6.341844713591941,-0.35420775266773075
204,10,24,-0.7744761706842784,5.947057239181174,-0.3875755723069601
406,15,26,-0.7764309019901897,6.421233806690304,-0.3384532820333486
487,17,27,-0.7973881838732042,6.182879016117498,-0.3663562710562293
446,16,26,-0.801078424669396,6.117981614069315,-0.37395577614976316
445,16,25,-0.8044184171336155,6.495464169621744,-0.3387850081382909
8,5,28,-0.8080123719583668,6.431071841277866,-0.3347698128343965
361,14,21,-0.8107839634213552,5.721712997662719,-0.41994898651123125
441,16,21,-0.8209407781406539,6.536802001384073,-0.35545472247947096
405,15,25,-0.8363072525980799,6.421233806690304,-0.3548497229669726
408,15,28,-0.8363370572101578,6.421233806690304,-0.33457325893139983
1,5,21,-0.8568715958934061,6.879847884271513,-0.3240996315898027
241,11,21,-0.8649956114365932,5.833918310233611,-0.42248416174219633
46,6,26,-0.8703015411115202,6.341844713591941,-0.3730855399861747
447,16,27,-0.9008864671618082,6.421233806690304,-0.37380497851321615
400,15,20,-0.9265500640845366,6.048564349358465,-0.4187761067811855
44,6,24,-0.9275919992084787,6.341844713591941,-0.41407983242591523
0,5,20,-1.0113150090366878,7.142748023320616,-0.3413454303132745
410,15,30,-1.0441098283709123,6.495464169621744,-0.3827352623300984
2,5,22,-1.0866823434130595,6.879847884271513,-0.3838085921091764
480,17,20,-1.1796080216350198,6.731612466855019,-0.42220571285690406
520,18,20,-1.3880749528034377,7.0573132983481335,-0.4443158321462582
440,16,20,-1.5201954068171037,6.517444037752298,-0.5605496434863418
